Workbook
Name SegmentaçãodeDados_Aux_Ano: #N/A
Name SegmentaçãodeDados_Aux_Mês: #N/A

Sheet Inspeção
A1: PAINEL DE RESULTADOS
A2: PLACA | B2: PREFIXO | C2: KM RODADO | D2: TOTAL DE LITROS | E2: GASTO TOTAL | F2: PREÇO MÉDIO | G2: CUSTO/KM | H2: MÉDIA
A3: TTP5B47 | B3: IT-02 | C3: =IFERROR(VLOOKUP(Tabela204[[#This Row],[PLACA]],Resultados!$B$7:$H$121,3,0),"-") -> 178151 | D3: =IFERROR(VLOOKUP(Tabela204[[#This Row],[PLACA]],Resultados!$B$7:$H$121,4,0),"-") -> 17876.35 | E3: =IFERROR(VLOOKUP(Tabela204[[#This Row],[PLACA]],Resultados!$B$7:$H$121,5,0),"-") -> 83465 | F3: =IFERROR(Tabela204[[#This Row],[GASTO TOTAL]]/Tabela204[[#This Row],[TOTAL DE LITROS]],"-") -> 4.669018 | G3: =IFERROR(Tabela204[[#This Row],[GASTO TOTAL]]/Tabela204[[#This Row],[KM RODADO]],"-") -> 0.46850705 | H3: =IFERROR(Tabela204[[#This Row],[KM RODADO]]/Tabela204[[#This Row],[TOTAL DE LITROS]],"-") -> 9.9657369
A4: TTT2H93 | B4: IT-03 | C4: =IFERROR(VLOOKUP(Tabela204[[#This Row],[PLACA]],Resultados!$B$7:$H$121,3,0),"-") -> 80365 | D4: =IFERROR(VLOOKUP(Tabela204[[#This Row],[PLACA]],Resultados!$B$7:$H$121,4,0),"-") -> 8075.4 | E4: =IFERROR(VLOOKUP(Tabela204[[#This Row],[PLACA]],Resultados!$B$7:$H$121,5,0),"-") -> 37087.56 | F4: =IFERROR(Tabela204[[#This Row],[GASTO TOTAL]]/Tabela204[[#This Row],[TOTAL DE LITROS]],"-") -> 4.5926592 | G4: =IFERROR(Tabela204[[#This Row],[GASTO TOTAL]]/Tabela204[[#This Row],[KM RODADO]],"-") -> 0.46148896 | H4: =IFERROR(Tabela204[[#This Row],[KM RODADO]]/Tabela204[[#This Row],[TOTAL DE LITROS]],"-") -> 9.951829
A5: TUB2B84 | B5: IT-04 | C5: =IFERROR(VLOOKUP(Tabela204[[#This Row],[PLACA]],Resultados!$B$7:$H$121,3,0),"-") -> 26096 | D5: =IFERROR(VLOOKUP(Tabela204[[#This Row],[PLACA]],Resultados!$B$7:$H$121,4,0),"-") -> 2688.63 | E5: =IFERROR(VLOOKUP(Tabela204[[#This Row],[PLACA]],Resultados!$B$7:$H$121,5,0),"-") -> 11697.98 | F5: =IFERROR(Tabela204[[#This Row],[GASTO TOTAL]]/Tabela204[[#This Row],[TOTAL DE LITROS]],"-") -> 4.3509073 | G5: =IFERROR(Tabela204[[#This Row],[GASTO TOTAL]]/Tabela204[[#This Row],[KM RODADO]],"-") -> 0.44826717 | H5: =IFERROR(Tabela204[[#This Row],[KM RODADO]]/Tabela204[[#This Row],[TOTAL DE LITROS]],"-") -> 9.7060585
A6: SQZ2J86 | B6: IT-04.1 | C6: =IFERROR(VLOOKUP(Tabela204[[#This Row],[PLACA]],Resultados!$B$7:$H$121,3,0),"-") -> 20743 | D6: =IFERROR(VLOOKUP(Tabela204[[#This Row],[PLACA]],Resultados!$B$7:$H$121,4,0),"-") -> 2415.39 | E6: =IFERROR(VLOOKUP(Tabela204[[#This Row],[PLACA]],Resultados!$B$7:$H$121,5,0),"-") -> 11591.9 | F6: =IFERROR(Tabela204[[#This Row],[GASTO TOTAL]]/Tabela204[[#This Row],[TOTAL DE LITROS]],"-") -> 4.7991836 | G6: =IFERROR(Tabela204[[#This Row],[GASTO TOTAL]]/Tabela204[[#This Row],[KM RODADO]],"-") -> 0.55883431 | H6: =IFERROR(Tabela204[[#This Row],[KM RODADO]]/Tabela204[[#This Row],[TOTAL DE LITROS]],"-") -> 8.5878471
A7: TTR3A31 | B7: IT-05 | C7: =IFERROR(VLOOKUP(Tabela204[[#This Row],[PLACA]],Resultados!$B$7:$H$121,3,0),"-") -> 165129 | D7: =IFERROR(VLOOKUP(Tabela204[[#This Row],[PLACA]],Resultados!$B$7:$H$121,4,0),"-") -> 16829.18 | E7: =IFERROR(VLOOKUP(Tabela204[[#This Row],[PLACA]],Resultados!$B$7:$H$121,5,0),"-") -> 78302.72 | F7: =IFERROR(Tabela204[[#This Row],[GASTO TOTAL]]/Tabela204[[#This Row],[TOTAL DE LITROS]],"-") -> 4.6527947 | G7: =IFERROR(Tabela204[[#This Row],[GASTO TOTAL]]/Tabela204[[#This Row],[KM RODADO]],"-") -> 0.47419121 | H7: =IFERROR(Tabela204[[#This Row],[KM RODADO]]/Tabela204[[#This Row],[TOTAL DE LITROS]],"-") -> 9.8120645
A8: TUG2C45 | B8: IT-06 | C8: =IFERROR(VLOOKUP(Tabela204[[#This Row],[PLACA]],Resultados!$B$7:$H$121,3,0),"-") -> 172506 | D8: =IFERROR(VLOOKUP(Tabela204[[#This Row],[PLACA]],Resultados!$B$7:$H$121,4,0),"-") -> 17542.44 | E8: =IFERROR(VLOOKUP(Tabela204[[#This Row],[PLACA]],Resultados!$B$7:$H$121,5,0),"-") -> 83130.99 | F8: =IFERROR(Tabela204[[#This Row],[GASTO TOTAL]]/Tabela204[[#This Row],[TOTAL DE LITROS]],"-") -> 4.7388499 | G8: =IFERROR(Tabela204[[#This Row],[GASTO TOTAL]]/Tabela204[[#This Row],[KM RODADO]],"-") -> 0.48190202 | H8: =IFERROR(Tabela204[[#This Row],[KM RODADO]]/Tabela204[[#This Row],[TOTAL DE LITROS]],"-") -> 9.8336377
A9: TUF2B45 | B9: IT-07 | C9: =IFERROR(VLOOKUP(Tabela204[[#This Row],[PLACA]],Resultados!$B$7:$H$121,3,0),"-") -> 159547 | D9: =IFERROR(VLOOKUP(Tabela204[[#This Row],[PLACA]],Resultados!$B$7:$H$121,4,0),"-") -> 16920.52 | E9: =IFERROR(VLOOKUP(Tabela204[[#This Row],[PLACA]],Resultados!$B$7:$H$121,5,0),"-") -> 78466.47 | F9: =IFERROR(Tabela204[[#This Row],[GASTO TOTAL]]/Tabela204[[#This Row],[TOTAL DE LITROS]],"-") -> 4.6373557 | G9: =IFERROR(Tabela204[[#This Row],[GASTO TOTAL]]/Tabela204[[#This Row],[KM RODADO]],"-") -> 0.49180787 | H9: =IFERROR(Tabela204[[#This Row],[KM RODADO]]/Tabela204[[#This Row],[TOTAL DE LITROS]],"-") -> 9.4292019
A10: TTQ7B47 | B10: IT-07.1 | C10: =IFERROR(VLOOKUP(Tabela204[[#This Row],[PLACA]],Resultados!$B$7:$H$121,3,0),"-") -> 1767 | D10: =IFERROR(VLOOKUP(Tabela204[[#This Row],[PLACA]],Resultados!$B$7:$H$121,4,0),"-") -> 196.98 | E10: =IFERROR(VLOOKUP(Tabela204[[#This Row],[PLACA]],Resultados!$B$7:$H$121,5,0),"-") -> 943.94 | F10: =IFERROR(Tabela204[[#This Row],[GASTO TOTAL]]/Tabela204[[#This Row],[TOTAL DE LITROS]],"-") -> 4.7920601 | G10: =IFERROR(Tabela204[[#This Row],[GASTO TOTAL]]/Tabela204[[#This Row],[KM RODADO]],"-") -> 0.53420487 | H10: =IFERROR(Tabela204[[#This Row],[KM RODADO]]/Tabela204[[#This Row],[TOTAL DE LITROS]],"-") -> 8.9704539
A11: TTY2C25 | B11: IT-08 | C11: =IFERROR(VLOOKUP(Tabela204[[#This Row],[PLACA]],Resultados!$B$7:$H$121,3,0),"-") -> 155011 | D11: =IFERROR(VLOOKUP(Tabela204[[#This Row],[PLACA]],Resultados!$B$7:$H$121,4,0),"-") -> 16588.6 | E11: =IFERROR(VLOOKUP(Tabela204[[#This Row],[PLACA]],Resultados!$B$7:$H$121,5,0),"-") -> 78350.78 | F11: =IFERROR(Tabela204[[#This Row],[GASTO TOTAL]]/Tabela204[[#This Row],[TOTAL DE LITROS]],"-") -> 4.7231701 | G11: =IFERROR(Tabela204[[#This Row],[GASTO TOTAL]]/Tabela204[[#This Row],[KM RODADO]],"-") -> 0.50545303 | H11: =IFERROR(Tabela204[[#This Row],[KM RODADO]]/Tabela204[[#This Row],[TOTAL DE LITROS]],"-") -> 9.3444293
A12: TTQ3C61 | B12: IT-10 R | C12: =IFERROR(VLOOKUP(Tabela204[[#This Row],[PLACA]],Resultados!$B$7:$H$121,3,0),"-") -> 66958 | D12: =IFERROR(VLOOKUP(Tabela204[[#This Row],[PLACA]],Resultados!$B$7:$H$121,4,0),"-") -> 6473.82 | E12: =IFERROR(VLOOKUP(Tabela204[[#This Row],[PLACA]],Resultados!$B$7:$H$121,5,0),"-") -> 29782.35 | F12: =IFERROR(Tabela204[[#This Row],[GASTO TOTAL]]/Tabela204[[#This Row],[TOTAL DE LITROS]],"-") -> 4.6004291 | G12: =IFERROR(Tabela204[[#This Row],[GASTO TOTAL]]/Tabela204[[#This Row],[KM RODADO]],"-") -> 0.44479151 | H12: =IFERROR(Tabela204[[#This Row],[KM RODADO]]/Tabela204[[#This Row],[TOTAL DE LITROS]],"-") -> 10.342889
A13: TTT2H95 | B13: IT-11 R | C13: =IFERROR(VLOOKUP(Tabela204[[#This Row],[PLACA]],Resultados!$B$7:$H$121,3,0),"-") -> 159620 | D13: =IFERROR(VLOOKUP(Tabela204[[#This Row],[PLACA]],Resultados!$B$7:$H$121,4,0),"-") -> 15718.96 | E13: =IFERROR(VLOOKUP(Tabela204[[#This Row],[PLACA]],Resultados!$B$7:$H$121,5,0),"-") -> 74928.19 | F13: =IFERROR(Tabela204[[#This Row],[GASTO TOTAL]]/Tabela204[[#This Row],[TOTAL DE LITROS]],"-") -> 4.7667397 | G13: =IFERROR(Tabela204[[#This Row],[GASTO TOTAL]]/Tabela204[[#This Row],[KM RODADO]],"-") -> 0.46941605 | H13: =IFERROR(Tabela204[[#This Row],[KM RODADO]]/Tabela204[[#This Row],[TOTAL DE LITROS]],"-") -> 10.154616
A14: TUQ2H91 | B14: IT-13 | C14: =IFERROR(VLOOKUP(Tabela204[[#This Row],[PLACA]],Resultados!$B$7:$H$121,3,0),"-") -> 50898 | D14: =IFERROR(VLOOKUP(Tabela204[[#This Row],[PLACA]],Resultados!$B$7:$H$121,4,0),"-") -> 5814.4 | E14: =IFERROR(VLOOKUP(Tabela204[[#This Row],[PLACA]],Resultados!$B$7:$H$121,5,0),"-") -> 27498.96 | F14: =IFERROR(Tabela204[[#This Row],[GASTO TOTAL]]/Tabela204[[#This Row],[TOTAL DE LITROS]],"-") -> 4.7294579 | G14: =IFERROR(Tabela204[[#This Row],[GASTO TOTAL]]/Tabela204[[#This Row],[KM RODADO]],"-") -> 0.54027585 | H14: =IFERROR(Tabela204[[#This Row],[KM RODADO]]/Tabela204[[#This Row],[TOTAL DE LITROS]],"-") -> 8.7537837
... A19: TUK2D26 | B19: VIA-12 R | C19: =IFERROR(VLOOKUP(Tabela204[[#This Row],[PLACA]],Resultados!$B$7:$H$121,3,0),"-") -> 99085 | D19: =IFERROR(VLOOKUP(Tabela204[[#This Row],[PLACA]],Resultados!$B$7:$H$121,4,0),"-") -> 7310.91 | E19: =IFERROR(VLOOKUP(Tabela204[[#This Row],[PLACA]],Resultados!$B$7:$H$121,5,0),"-") -> 44741.68 | F19: =IFERROR(Tabela204[[#This Row],[GASTO TOTAL]]/Tabela204[[#This Row],[TOTAL DE LITROS]],"-") -> 6.119851 | G19: =IFERROR(Tabela204[[#This Row],[GASTO TOTAL]]/Tabela204[[#This Row],[KM RODADO]],"-") -> 0.45154847 | H19: =IFERROR(Tabela204[[#This Row],[KM RODADO]]/Tabela204[[#This Row],[TOTAL DE LITROS]],"-") -> 13.553032
D22: =SUBTOTAL(109,D3:D20) -> 173250.18 | E22: =SUBTOTAL(109,E3:E20) -> 883424.58 | G22: =SUBTOTAL(1,Tabela204[[#All],[CUSTO/KM]]) -> 0.48805919 | H22: =SUBTOTAL(1,Tabela204[MÉDIA]) -> 10.555397
D24: Preço Médio = | E24: =E22/D22 -> 5.0991265

Sheet Resgate
A1: PAINEL DE RESULTADOS
A2: PLACA | B2: PREFIXO | C2: KM RODADO | D2: TOTAL DE LITROS | E2: GASTO TOTAL | F2: PREÇO MÉDIO | G2: CUSTO/KM | H2: MÉDIA
A3: TFV8C74 | B3: A01 | C3: =IFERROR(VLOOKUP(Tabela205[[#This Row],[PLACA]],Resultados!$B$7:$H$121,3,0),"-") -> 19232 | D3: =IFERROR(VLOOKUP(Tabela205[[#This Row],[PLACA]],Resultados!$B$7:$H$121,4,0),"-") -> 3505.55 | E3: =IFERROR(VLOOKUP(Tabela205[[#This Row],[PLACA]],Resultados!$B$7:$H$121,5,0),"-") -> 23526.06 | F3: =IFERROR(E3/D3,"-") -> 6.7110896 | G3: =IFERROR(Tabela205[[#This Row],[GASTO TOTAL]]/Tabela205[[#This Row],[KM RODADO]],"-") -> 1.2232768 | H3: =IFERROR(Tabela205[[#This Row],[KM RODADO]]/Tabela205[[#This Row],[TOTAL DE LITROS]],"-") -> 5.4861577
A4: TFM4H34 | B4: A02 | C4: =IFERROR(VLOOKUP(Tabela205[[#This Row],[PLACA]],Resultados!$B$7:$H$121,3,0),"-") -> 14412 | D4: =IFERROR(VLOOKUP(Tabela205[[#This Row],[PLACA]],Resultados!$B$7:$H$121,4,0),"-") -> 2465.43 | E4: =IFERROR(VLOOKUP(Tabela205[[#This Row],[PLACA]],Resultados!$B$7:$H$121,5,0),"-") -> 16410.42 | F4: =IFERROR(E4/D4,"-") -> 6.6562101 | G4: =IFERROR(Tabela205[[#This Row],[GASTO TOTAL]]/Tabela205[[#This Row],[KM RODADO]],"-") -> 1.1386636 | H4: =IFERROR(Tabela205[[#This Row],[KM RODADO]]/Tabela205[[#This Row],[TOTAL DE LITROS]],"-") -> 5.8456334
A5: TGC9A34 | B5: R01 | C5: =IFERROR(VLOOKUP(Tabela205[[#This Row],[PLACA]],Resultados!$B$7:$H$121,3,0),"-") -> 20688 | D5: =IFERROR(VLOOKUP(Tabela205[[#This Row],[PLACA]],Resultados!$B$7:$H$121,4,0),"-") -> 3840.83 | E5: =IFERROR(VLOOKUP(Tabela205[[#This Row],[PLACA]],Resultados!$B$7:$H$121,5,0),"-") -> 24633.62 | F5: =IFERROR(E5/D5,"-") -> 6.4136189 | G5: =IFERROR(Tabela205[[#This Row],[GASTO TOTAL]]/Tabela205[[#This Row],[KM RODADO]],"-") -> 1.1907202 | H5: =IFERROR(Tabela205[[#This Row],[KM RODADO]]/Tabela205[[#This Row],[TOTAL DE LITROS]],"-") -> 5.3863358
A6: TGL2B04 | B6: R03 | C6: =IFERROR(VLOOKUP(Tabela205[[#This Row],[PLACA]],Resultados!$B$7:$H$121,3,0),"-") -> 11757 | D6: =IFERROR(VLOOKUP(Tabela205[[#This Row],[PLACA]],Resultados!$B$7:$H$121,4,0),"-") -> 2291.05 | E6: =IFERROR(VLOOKUP(Tabela205[[#This Row],[PLACA]],Resultados!$B$7:$H$121,5,0),"-") -> 15081.58 | F6: =IFERROR(E6/D6,"-") -> 6.5828245 | G6: =IFERROR(Tabela205[[#This Row],[GASTO TOTAL]]/Tabela205[[#This Row],[KM RODADO]],"-") -> 1.2827745 | H6: =IFERROR(Tabela205[[#This Row],[KM RODADO]]/Tabela205[[#This Row],[TOTAL DE LITROS]],"-") -> 5.1317082
A7: TFE9C14 | B7: R05 | C7: =IFERROR(VLOOKUP(Tabela205[[#This Row],[PLACA]],Resultados!$B$7:$H$121,3,0),"-") -> 11769 | D7: =IFERROR(VLOOKUP(Tabela205[[#This Row],[PLACA]],Resultados!$B$7:$H$121,4,0),"-") -> 2419.49 | E7: =IFERROR(VLOOKUP(Tabela205[[#This Row],[PLACA]],Resultados!$B$7:$H$121,5,0),"-") -> 15924.48 | F7: =IFERROR(E7/D7,"-") -> 6.5817507 | G7: =IFERROR(Tabela205[[#This Row],[GASTO TOTAL]]/Tabela205[[#This Row],[KM RODADO]],"-") -> 1.3530869 | H7: =IFERROR(Tabela205[[#This Row],[KM RODADO]]/Tabela205[[#This Row],[TOTAL DE LITROS]],"-") -> 4.8642483
A8: TGE1F64 | B8: R06 | C8: =IFERROR(VLOOKUP(Tabela205[[#This Row],[PLACA]],Resultados!$B$7:$H$121,3,0),"-") -> 18762 | D8: =IFERROR(VLOOKUP(Tabela205[[#This Row],[PLACA]],Resultados!$B$7:$H$121,4,0),"-") -> 2995.47 | E8: =IFERROR(VLOOKUP(Tabela205[[#This Row],[PLACA]],Resultados!$B$7:$H$121,5,0),"-") -> 19967.06 | F8: =IFERROR(E8/D8,"-") -> 6.665752 | G8: =IFERROR(Tabela205[[#This Row],[GASTO TOTAL]]/Tabela205[[#This Row],[KM RODADO]],"-") -> 1.0642288 | H8: =IFERROR(Tabela205[[#This Row],[KM RODADO]]/Tabela205[[#This Row],[TOTAL DE LITROS]],"-") -> 6.2634578
A9: TFW3J34 | B9: R07 | C9: =IFERROR(VLOOKUP(Tabela205[[#This Row],[PLACA]],Resultados!$B$7:$H$121,3,0),"-") -> 19360 | D9: =IFERROR(VLOOKUP(Tabela205[[#This Row],[PLACA]],Resultados!$B$7:$H$121,4,0),"-") -> 3092.59 | E9: =IFERROR(VLOOKUP(Tabela205[[#This Row],[PLACA]],Resultados!$B$7:$H$121,5,0),"-") -> 19931.27 | F9: =IFERROR(E9/D9,"-") -> 6.4448472 | G9: =IFERROR(Tabela205[[#This Row],[GASTO TOTAL]]/Tabela205[[#This Row],[KM RODADO]],"-") -> 1.0295077 | H9: =IFERROR(Tabela205[[#This Row],[KM RODADO]]/Tabela205[[#This Row],[TOTAL DE LITROS]],"-") -> 6.260125
A10: TFN3B64 | B10: R08 | C10: =IFERROR(VLOOKUP(Tabela205[[#This Row],[PLACA]],Resultados!$B$7:$H$121,3,0),"-") -> 8621 | D10: =IFERROR(VLOOKUP(Tabela205[[#This Row],[PLACA]],Resultados!$B$7:$H$121,4,0),"-") -> 1565.41 | E10: =IFERROR(VLOOKUP(Tabela205[[#This Row],[PLACA]],Resultados!$B$7:$H$121,5,0),"-") -> 10276.97 | F10: =IFERROR(E10/D10,"-") -> 6.5650341 | G10: =IFERROR(Tabela205[[#This Row],[GASTO TOTAL]]/Tabela205[[#This Row],[KM RODADO]],"-") -> 1.1920856 | H10: =IFERROR(Tabela205[[#This Row],[KM RODADO]]/Tabela205[[#This Row],[TOTAL DE LITROS]],"-") -> 5.5071834
A11: TFU6C04 | B11: R09 | C11: =IFERROR(VLOOKUP(Tabela205[[#This Row],[PLACA]],Resultados!$B$7:$H$121,3,0),"-") -> 12627 | D11: =IFERROR(VLOOKUP(Tabela205[[#This Row],[PLACA]],Resultados!$B$7:$H$121,4,0),"-") -> 3149.96 | E11: =IFERROR(VLOOKUP(Tabela205[[#This Row],[PLACA]],Resultados!$B$7:$H$121,5,0),"-") -> 20448.41 | F11: =IFERROR(E11/D11,"-") -> 6.4916412 | G11: =IFERROR(Tabela205[[#This Row],[GASTO TOTAL]]/Tabela205[[#This Row],[KM RODADO]],"-") -> 1.6194195 | H11: =IFERROR(Tabela205[[#This Row],[KM RODADO]]/Tabela205[[#This Row],[TOTAL DE LITROS]],"-") -> 4.0086223
A12: TFL8I14 | B12: R-10 R | C12: =IFERROR(VLOOKUP(Tabela205[[#This Row],[PLACA]],Resultados!$B$7:$H$121,3,0),"-") -> 16098 | D12: =IFERROR(VLOOKUP(Tabela205[[#This Row],[PLACA]],Resultados!$B$7:$H$121,4,0),"-") -> 2699.5 | E12: =IFERROR(VLOOKUP(Tabela205[[#This Row],[PLACA]],Resultados!$B$7:$H$121,5,0),"-") -> 17853.01 | F12: =IFERROR(E12/D12,"-") -> 6.6134506 | G12: =IFERROR(Tabela205[[#This Row],[GASTO TOTAL]]/Tabela205[[#This Row],[KM RODADO]],"-") -> 1.1090204 | H12: =IFERROR(Tabela205[[#This Row],[KM RODADO]]/Tabela205[[#This Row],[TOTAL DE LITROS]],"-") -> 5.9633265
D15: =SUBTOTAL(109,D3:D12) -> 28025.28 | E15: =SUBTOTAL(109,E3:E12) -> 184052.88 | G15: =SUBTOTAL(1,Tabela205[[#All],[CUSTO/KM]]) -> 1.2202784 | H15: =SUBTOTAL(1,Tabela205[MÉDIA]) -> 5.4716798
D17: Preço Médio Diesel = | E17: =E15/D15 -> 6.5673877

Sheet Pesados
A1: PAINEL DE RESULTADOS
A2: PLACA | B2: PRÉ-FIXO | C2: KM RODADO | D2: TOTAL DE LITROS | E2: GASTO TOTAL | F2: PREÇO MÉDIO | G2: CUSTO/KM | H2: MÉDIA
A3: QSW6J59 | B3: CP-01 | C3: =IFERROR(VLOOKUP(Tabela20[[#This Row],[PLACA]],Resultados!$B$7:$H$121,3,0),"-") -> 33304 | D3: =IFERROR(VLOOKUP(Tabela20[[#This Row],[PLACA]],Resultados!$B$7:$H$121,4,0),"-") -> 8783.62 | E3: =IFERROR(VLOOKUP(Tabela20[[#This Row],[PLACA]],Resultados!$B$7:$H$121,5,0),"-") -> 56791.66 | F3: =IFERROR(E3/D3,"-") -> 6.4656326 | G3: =IFERROR(Tabela20[[#This Row],[GASTO TOTAL]]/Tabela20[[#This Row],[KM RODADO]],"-") -> 1.7052504 | H3: =IFERROR(Tabela20[[#This Row],[KM RODADO]]/Tabela20[[#This Row],[TOTAL DE LITROS]],"-") -> 3.791603
A4: TIV6G27 | B4: GL-01 | C4: =IFERROR(VLOOKUP(Tabela20[[#This Row],[PLACA]],Resultados!$B$7:$H$121,3,0),"-") -> 49256 | D4: =IFERROR(VLOOKUP(Tabela20[[#This Row],[PLACA]],Resultados!$B$7:$H$121,4,0),"-") -> 8494.43 | E4: =IFERROR(VLOOKUP(Tabela20[[#This Row],[PLACA]],Resultados!$B$7:$H$121,5,0),"-") -> 54928.3 | F4: =IFERROR(E4/D4,"-") -> 6.4663903 | G4: =IFERROR(Tabela20[[#This Row],[GASTO TOTAL]]/Tabela20[[#This Row],[KM RODADO]],"-") -> 1.1151596 | H4: =IFERROR(Tabela20[[#This Row],[KM RODADO]]/Tabela20[[#This Row],[TOTAL DE LITROS]],"-") -> 5.7986233
A5: TLO0E87 | B5: GL-02 | C5: =IFERROR(VLOOKUP(Tabela20[[#This Row],[PLACA]],Resultados!$B$7:$H$121,3,0),"-") -> 47060 | D5: =IFERROR(VLOOKUP(Tabela20[[#This Row],[PLACA]],Resultados!$B$7:$H$121,4,0),"-") -> 8519.36 | E5: =IFERROR(VLOOKUP(Tabela20[[#This Row],[PLACA]],Resultados!$B$7:$H$121,5,0),"-") -> 54770.84 | F5: =IFERROR(E5/D5,"-") -> 6.4289853 | G5: =IFERROR(Tabela20[[#This Row],[GASTO TOTAL]]/Tabela20[[#This Row],[KM RODADO]],"-") -> 1.1638513 | H5: =IFERROR(Tabela20[[#This Row],[KM RODADO]]/Tabela20[[#This Row],[TOTAL DE LITROS]],"-") -> 5.5238891
A6: TJE5D27 | B6: GL-03 | C6: =IFERROR(VLOOKUP(Tabela20[[#This Row],[PLACA]],Resultados!$B$7:$H$121,3,0),"-") -> 34377 | D6: =IFERROR(VLOOKUP(Tabela20[[#This Row],[PLACA]],Resultados!$B$7:$H$121,4,0),"-") -> 6713.79 | E6: =IFERROR(VLOOKUP(Tabela20[[#This Row],[PLACA]],Resultados!$B$7:$H$121,5,0),"-") -> 46525.27 | F6: =IFERROR(E6/D6,"-") -> 6.9298072 | G6: =IFERROR(Tabela20[[#This Row],[GASTO TOTAL]]/Tabela20[[#This Row],[KM RODADO]],"-") -> 1.3533837 | H6: =IFERROR(Tabela20[[#This Row],[KM RODADO]]/Tabela20[[#This Row],[TOTAL DE LITROS]],"-") -> 5.1203568
A7: TKB0E17 | B7: GL-04 | C7: =IFERROR(VLOOKUP(Tabela20[[#This Row],[PLACA]],Resultados!$B$7:$H$121,3,0),"-") -> 35913 | D7: =IFERROR(VLOOKUP(Tabela20[[#This Row],[PLACA]],Resultados!$B$7:$H$121,4,0),"-") -> 8078.57 | E7: =IFERROR(VLOOKUP(Tabela20[[#This Row],[PLACA]],Resultados!$B$7:$H$121,5,0),"-") -> 50441.03 | F7: =IFERROR(E7/D7,"-") -> 6.2438068 | G7: =IFERROR(Tabela20[[#This Row],[GASTO TOTAL]]/Tabela20[[#This Row],[KM RODADO]],"-") -> 1.404534 | H7: =IFERROR(Tabela20[[#This Row],[KM RODADO]]/Tabela20[[#This Row],[TOTAL DE LITROS]],"-") -> 4.445465
A8: TJP1H27 | B8: GL-05 R | C8: =IFERROR(VLOOKUP(Tabela20[[#This Row],[PLACA]],Resultados!$B$7:$H$121,3,0),"-") -> 25090 | D8: =IFERROR(VLOOKUP(Tabela20[[#This Row],[PLACA]],Resultados!$B$7:$H$121,4,0),"-") -> 4686.25 | E8: =IFERROR(VLOOKUP(Tabela20[[#This Row],[PLACA]],Resultados!$B$7:$H$121,5,0),"-") -> 29913.05 | F8: =IFERROR(E8/D8,"-") -> 6.3831528 | G8: =IFERROR(Tabela20[[#This Row],[GASTO TOTAL]]/Tabela20[[#This Row],[KM RODADO]],"-") -> 1.19223 | H8: =IFERROR(Tabela20[[#This Row],[KM RODADO]]/Tabela20[[#This Row],[TOTAL DE LITROS]],"-") -> 5.3539611
A9: TKC7D89 | B9: GP-01 | C9: =IFERROR(VLOOKUP(Tabela20[[#This Row],[PLACA]],Resultados!$B$7:$H$121,3,0),"-") -> 35709 | D9: =IFERROR(VLOOKUP(Tabela20[[#This Row],[PLACA]],Resultados!$B$7:$H$121,4,0),"-") -> 15771.92 | E9: =IFERROR(VLOOKUP(Tabela20[[#This Row],[PLACA]],Resultados!$B$7:$H$121,5,0),"-") -> 113131.33 | F9: =IFERROR(E9/D9,"-") -> 7.1729587 | G9: =IFERROR(Tabela20[[#This Row],[GASTO TOTAL]]/Tabela20[[#This Row],[KM RODADO]],"-") -> 3.1681461 | H9: =IFERROR(Tabela20[[#This Row],[KM RODADO]]/Tabela20[[#This Row],[TOTAL DE LITROS]],"-") -> 2.2640871
A10: TKC9B59 | B10: GP-02 | C10: =IFERROR(VLOOKUP(Tabela20[[#This Row],[PLACA]],Resultados!$B$7:$H$121,3,0),"-") -> 13289 | D10: =IFERROR(VLOOKUP(Tabela20[[#This Row],[PLACA]],Resultados!$B$7:$H$121,4,0),"-") -> 7555.79 | E10: =IFERROR(VLOOKUP(Tabela20[[#This Row],[PLACA]],Resultados!$B$7:$H$121,5,0),"-") -> 54240.25 | F10: =IFERROR(E10/D10,"-") -> 7.1786339 | G10: =IFERROR(Tabela20[[#This Row],[GASTO TOTAL]]/Tabela20[[#This Row],[KM RODADO]],"-") -> 4.08159 | H10: =IFERROR(Tabela20[[#This Row],[KM RODADO]]/Tabela20[[#This Row],[TOTAL DE LITROS]],"-") -> 1.7587837
A11: TMG4A29 | B11: GP-03 | C11: =IFERROR(VLOOKUP(Tabela20[[#This Row],[PLACA]],Resultados!$B$7:$H$121,3,0),"-") -> 31779 | D11: =IFERROR(VLOOKUP(Tabela20[[#This Row],[PLACA]],Resultados!$B$7:$H$121,4,0),"-") -> 16791.28 | E11: =IFERROR(VLOOKUP(Tabela20[[#This Row],[PLACA]],Resultados!$B$7:$H$121,5,0),"-") -> 112390.05 | F11: =IFERROR(E11/D11,"-") -> 6.6933581 | G11: =IFERROR(Tabela20[[#This Row],[GASTO TOTAL]]/Tabela20[[#This Row],[KM RODADO]],"-") -> 3.5366138 | H11: =IFERROR(Tabela20[[#This Row],[KM RODADO]]/Tabela20[[#This Row],[TOTAL DE LITROS]],"-") -> 1.8925895
A12: TMF8H09 | B12: GP-04 R | C12: =IFERROR(VLOOKUP(Tabela20[[#This Row],[PLACA]],Resultados!$B$7:$H$121,3,0),"-") -> 19878 | D12: =IFERROR(VLOOKUP(Tabela20[[#This Row],[PLACA]],Resultados!$B$7:$H$121,4,0),"-") -> 10323.46 | E12: =IFERROR(VLOOKUP(Tabela20[[#This Row],[PLACA]],Resultados!$B$7:$H$121,5,0),"-") -> 71712.87 | F12: =IFERROR(E12/D12,"-") -> 6.9465925 | G12: =IFERROR(Tabela20[[#This Row],[GASTO TOTAL]]/Tabela20[[#This Row],[KM RODADO]],"-") -> 3.6076502 | H12: =IFERROR(Tabela20[[#This Row],[KM RODADO]]/Tabela20[[#This Row],[TOTAL DE LITROS]],"-") -> 1.9255172
D15: =SUBTOTAL(109,D3:D12) -> 95718.47 | E15: =SUBTOTAL(109,E3:E12) -> 644844.65 | G15: =SUBTOTAL(1,Tabela20[[#All],[CUSTO/KM]]) -> 2.2328409 | H15: =SUBTOTAL(1,Tabela20[MÉDIA]) -> 3.7874876
D17: Preço Médio Diesel = | E17: =E15/D15 -> 6.7368884

Sheet VA
A1: PAINEL DE RESULTADOS
A2: PLACA | B2: PRÉ-FIXO | C2: MOTORISTAS | D2: KM RODADO | E2: TOTAL DE LITROS | F2: GASTO TOTAL | G2: PREÇO MÉDIO | H2: CUSTO/KM | I2: MÉDIA
A3: TFX8A49 | B3: POOL-01 | C3: POOL | D3: =IFERROR(VLOOKUP(Tabela206[[#This Row],[PLACA]],Resultados!$B$7:$H$121,3,0),"-") -> 31113.031 | E3: =IFERROR(VLOOKUP(Tabela206[[#This Row],[PLACA]],Resultados!$B$7:$H$121,4,0),"-") -> 3337.5056 | F3: =IFERROR(VLOOKUP(Tabela206[[#This Row],[PLACA]],Resultados!$B$7:$H$121,5,0),"-") -> 15553.223 | G3: =IFERROR(F3/E3,"-") -> 4.6601338 | H3: =IFERROR(Tabela206[[#This Row],[GASTO TOTAL]]/Tabela206[[#This Row],[KM RODADO]],"-") -> 0.49989418 | I3: =IFERROR(Tabela206[[#This Row],[KM RODADO]]/Tabela206[[#This Row],[TOTAL DE LITROS]],"-") -> 9.3222407
A4: TFD2J89 | B4: POOL-02 | C4: POOL | D4: =IFERROR(VLOOKUP(Tabela206[[#This Row],[PLACA]],Resultados!$B$7:$H$121,3,0),"-") -> 32580.606 | E4: =IFERROR(VLOOKUP(Tabela206[[#This Row],[PLACA]],Resultados!$B$7:$H$121,4,0),"-") -> 3463.03 | F4: =IFERROR(VLOOKUP(Tabela206[[#This Row],[PLACA]],Resultados!$B$7:$H$121,5,0),"-") -> 16129.69 | G4: =IFERROR(F4/E4,"-") -> 4.6576813 | H4: =IFERROR(Tabela206[[#This Row],[GASTO TOTAL]]/Tabela206[[#This Row],[KM RODADO]],"-") -> 0.49507029 | I4: =IFERROR(Tabela206[[#This Row],[KM RODADO]]/Tabela206[[#This Row],[TOTAL DE LITROS]],"-") -> 9.4081212
A5: TFF6I82 | B5: POOL - 03 | C5: POOL | D5: =IFERROR(VLOOKUP(Tabela206[[#This Row],[PLACA]],Resultados!$B$7:$H$121,3,0),"-") -> 23654.443 | E5: =IFERROR(VLOOKUP(Tabela206[[#This Row],[PLACA]],Resultados!$B$7:$H$121,4,0),"-") -> 2413.0475 | F5: =IFERROR(VLOOKUP(Tabela206[[#This Row],[PLACA]],Resultados!$B$7:$H$121,5,0),"-") -> 10620.041 | G5: =IFERROR(F5/E5,"-") -> 4.4010907 | H5: =IFERROR(Tabela206[[#This Row],[GASTO TOTAL]]/Tabela206[[#This Row],[KM RODADO]],"-") -> 0.448966 | I5: =IFERROR(Tabela206[[#This Row],[KM RODADO]]/Tabela206[[#This Row],[TOTAL DE LITROS]],"-") -> 9.802726
A6: TGL4J09 | B6: VA-01 | C6: Jester | D6: =IFERROR(VLOOKUP(Tabela206[[#This Row],[PLACA]],Resultados!$B$7:$H$121,3,0),"-") -> 25413.003 | E6: =IFERROR(VLOOKUP(Tabela206[[#This Row],[PLACA]],Resultados!$B$7:$H$121,4,0),"-") -> 2844.2112 | F6: =IFERROR(VLOOKUP(Tabela206[[#This Row],[PLACA]],Resultados!$B$7:$H$121,5,0),"-") -> 13325.863 | G6: =IFERROR(F6/E6,"-") -> 4.6852578 | H6: =IFERROR(Tabela206[[#This Row],[GASTO TOTAL]]/Tabela206[[#This Row],[KM RODADO]],"-") -> 0.52437184 | I6: =IFERROR(Tabela206[[#This Row],[KM RODADO]]/Tabela206[[#This Row],[TOTAL DE LITROS]],"-") -> 8.9349913
A7: TFR8B59 | B7: VA-02 | C7: Dutra | D7: =IFERROR(VLOOKUP(Tabela206[[#This Row],[PLACA]],Resultados!$B$7:$H$121,3,0),"-") -> 30527.151 | E7: =IFERROR(VLOOKUP(Tabela206[[#This Row],[PLACA]],Resultados!$B$7:$H$121,4,0),"-") -> 3923.3235 | F7: =IFERROR(VLOOKUP(Tabela206[[#This Row],[PLACA]],Resultados!$B$7:$H$121,5,0),"-") -> 18199.161 | G7: =IFERROR(F7/E7,"-") -> 4.6387102 | H7: =IFERROR(Tabela206[[#This Row],[GASTO TOTAL]]/Tabela206[[#This Row],[KM RODADO]],"-") -> 0.59616308 | I7: =IFERROR(Tabela206[[#This Row],[KM RODADO]]/Tabela206[[#This Row],[TOTAL DE LITROS]],"-") -> 7.7809416
A8: TFI3B19 | B8: VA-03 | C8: Líderes | D8: =IFERROR(VLOOKUP(Tabela206[[#This Row],[PLACA]],Resultados!$B$7:$H$121,3,0),"-") -> 116144.21 | E8: =IFERROR(VLOOKUP(Tabela206[[#This Row],[PLACA]],Resultados!$B$7:$H$121,4,0),"-") -> 12053.305 | F8: =IFERROR(VLOOKUP(Tabela206[[#This Row],[PLACA]],Resultados!$B$7:$H$121,5,0),"-") -> 53627.69 | G8: =IFERROR(F8/E8,"-") -> 4.4492105 | H8: =IFERROR(Tabela206[[#This Row],[GASTO TOTAL]]/Tabela206[[#This Row],[KM RODADO]],"-") -> 0.46173366 | I8: =IFERROR(Tabela206[[#This Row],[KM RODADO]]/Tabela206[[#This Row],[TOTAL DE LITROS]],"-") -> 9.6358807
A9: TFY6E09 | B9: VA-04 | C9: Paulo Roberto | D9: =IFERROR(VLOOKUP(Tabela206[[#This Row],[PLACA]],Resultados!$B$7:$H$121,3,0),"-") -> 52099.446 | E9: =IFERROR(VLOOKUP(Tabela206[[#This Row],[PLACA]],Resultados!$B$7:$H$121,4,0),"-") -> 5288.1009 | F9: =IFERROR(VLOOKUP(Tabela206[[#This Row],[PLACA]],Resultados!$B$7:$H$121,5,0),"-") -> 23757.551 | G9: =IFERROR(F9/E9,"-") -> 4.4926433 | H9: =IFERROR(Tabela206[[#This Row],[GASTO TOTAL]]/Tabela206[[#This Row],[KM RODADO]],"-") -> 0.45600392 | I9: =IFERROR(Tabela206[[#This Row],[KM RODADO]]/Tabela206[[#This Row],[TOTAL DE LITROS]],"-") -> 9.8522033
A10: TFP3B22 | B10: VA-05 | C10: André - Cons | D10: =IFERROR(VLOOKUP(Tabela206[[#This Row],[PLACA]],Resultados!$B$7:$H$121,3,0),"-") -> 65592.737 | E10: =IFERROR(VLOOKUP(Tabela206[[#This Row],[PLACA]],Resultados!$B$7:$H$121,4,0),"-") -> 6896.3435 | F10: =IFERROR(VLOOKUP(Tabela206[[#This Row],[PLACA]],Resultados!$B$7:$H$121,5,0),"-") -> 31932.962 | G10: =IFERROR(F10/E10,"-") -> 4.6304194 | H10: =IFERROR(Tabela206[[#This Row],[GASTO TOTAL]]/Tabela206[[#This Row],[KM RODADO]],"-") -> 0.48683686 | I10: =IFERROR(Tabela206[[#This Row],[KM RODADO]]/Tabela206[[#This Row],[TOTAL DE LITROS]],"-") -> 9.5112341
A11: TFS3C72 | B11: VA-06 | C11: Heder | D11: =IFERROR(VLOOKUP(Tabela206[[#This Row],[PLACA]],Resultados!$B$7:$H$121,3,0),"-") -> 98627.209 | E11: =IFERROR(VLOOKUP(Tabela206[[#This Row],[PLACA]],Resultados!$B$7:$H$121,4,0),"-") -> 12300.155 | F11: =IFERROR(VLOOKUP(Tabela206[[#This Row],[PLACA]],Resultados!$B$7:$H$121,5,0),"-") -> 55914.271 | G11: =IFERROR(F11/E11,"-") -> 4.5458184 | H11: =IFERROR(Tabela206[[#This Row],[GASTO TOTAL]]/Tabela206[[#This Row],[KM RODADO]],"-") -> 0.56692541 | I11: =IFERROR(Tabela206[[#This Row],[KM RODADO]]/Tabela206[[#This Row],[TOTAL DE LITROS]],"-") -> 8.0183713
A12: TFN0D12 | B12: VA-07 | C12: Silvino | D12: =IFERROR(VLOOKUP(Tabela206[[#This Row],[PLACA]],Resultados!$B$7:$H$121,3,0),"-") -> 53850.955 | E12: =IFERROR(VLOOKUP(Tabela206[[#This Row],[PLACA]],Resultados!$B$7:$H$121,4,0),"-") -> 5763.1531 | F12: =IFERROR(VLOOKUP(Tabela206[[#This Row],[PLACA]],Resultados!$B$7:$H$121,5,0),"-") -> 26576.254 | G12: =IFERROR(F12/E12,"-") -> 4.6114086 | H12: =IFERROR(Tabela206[[#This Row],[GASTO TOTAL]]/Tabela206[[#This Row],[KM RODADO]],"-") -> 0.49351499 | I12: =IFERROR(Tabela206[[#This Row],[KM RODADO]]/Tabela206[[#This Row],[TOTAL DE LITROS]],"-") -> 9.3440092
A13: TFX7J72 | B13: VA-08 | C13: Pedro | D13: =IFERROR(VLOOKUP(Tabela206[[#This Row],[PLACA]],Resultados!$B$7:$H$121,3,0),"-") -> 79386.385 | E13: =IFERROR(VLOOKUP(Tabela206[[#This Row],[PLACA]],Resultados!$B$7:$H$121,4,0),"-") -> 9045.8612 | F13: =IFERROR(VLOOKUP(Tabela206[[#This Row],[PLACA]],Resultados!$B$7:$H$121,5,0),"-") -> 40929.84 | G13: =IFERROR(F13/E13,"-") -> 4.5247035 | H13: =IFERROR(Tabela206[[#This Row],[GASTO TOTAL]]/Tabela206[[#This Row],[KM RODADO]],"-") -> 0.51557758 | I13: =IFERROR(Tabela206[[#This Row],[KM RODADO]]/Tabela206[[#This Row],[TOTAL DE LITROS]],"-") -> 8.7759897
A14: PQL3980 | B14: VA - 09 R | C14: Weider | D14: =IFERROR(VLOOKUP(Tabela206[[#This Row],[PLACA]],Resultados!$B$7:$H$121,3,0),"-") -> 5569 | E14: =IFERROR(VLOOKUP(Tabela206[[#This Row],[PLACA]],Resultados!$B$7:$H$121,4,0),"-") -> 579.86 | F14: =IFERROR(VLOOKUP(Tabela206[[#This Row],[PLACA]],Resultados!$B$7:$H$121,5,0),"-") -> 2838.84 | G14: =IFERROR(F14/E14,"-") -> 4.8957335 | H14: =IFERROR(Tabela206[[#This Row],[GASTO TOTAL]]/Tabela206[[#This Row],[KM RODADO]],"-") -> 0.50975759 | I14: =IFERROR(Tabela206[[#This Row],[KM RODADO]]/Tabela206[[#This Row],[TOTAL DE LITROS]],"-") -> 9.6040424
... A25: TFZ6A74 | B25: MP-01 | C25: Marcus | D25: =IFERROR(VLOOKUP(Tabela206[[#This Row],[PLACA]],Resultados!$B$7:$H$121,3,0),"-") -> 2330 | E25: =IFERROR(VLOOKUP(Tabela206[[#This Row],[PLACA]],Resultados!$B$7:$H$121,4,0),"-") -> 284.37 | F25: =IFERROR(VLOOKUP(Tabela206[[#This Row],[PLACA]],Resultados!$B$7:$H$121,5,0),"-") -> 1358.96 | G25: =IFERROR(F25/E25,"-") -> 4.7788445 | H25: =IFERROR(Tabela206[[#This Row],[GASTO TOTAL]]/Tabela206[[#This Row],[KM RODADO]],"-") -> 0.58324464 | I25: =IFERROR(Tabela206[[#This Row],[KM RODADO]]/Tabela206[[#This Row],[TOTAL DE LITROS]],"-") -> 8.1935507
C28: TOTAL | E28: =SUBTOTAL(109,E16:E25) -> 32903.757 | F28: =SUBTOTAL(109,F3:F25) -> 488164.18 | H28: =SUBTOTAL(1,Tabela206[[#All],[CUSTO/KM]]) -> 0.51415297 | I28: =SUBTOTAL(1,Tabela206[MÉDIA]) -> 9.0802637
E30: Preço Médio Etanol = | F30: =F28/E28 -> 14.836122

Sheet TI
A1: PAINEL DE RESULTADOS
A2: PLACA | B2: PRÉ-FIXO | C2: KM RODADO | D2: TOTAL DE LITROS | E2: GASTO TOTAL | F2: PREÇO MÉDIO | G2: CUSTO/KM | H2: MÉDIA
A3: TGM2I26 | B3: TI-01 | C3: =IFERROR(VLOOKUP(Tabela207[[#This Row],[PLACA]],Resultados!$B$7:$H$121,3,0),"-") -> 30507 | D3: =IFERROR(VLOOKUP(Tabela207[[#This Row],[PLACA]],Resultados!$B$7:$H$121,4,0),"-") -> 3771.42 | E3: =IFERROR(VLOOKUP(Tabela207[[#This Row],[PLACA]],Resultados!$B$7:$H$121,5,0),"-") -> 18130.5 | F3: =IFERROR(Tabela207[[#This Row],[GASTO TOTAL]]/Tabela207[[#This Row],[KM RODADO]],"-") -> 0.59430622 | G3: =IFERROR(Tabela207[[#This Row],[KM RODADO]]/Tabela207[[#This Row],[GASTO TOTAL]],"-") -> 1.6826342 | H3: =IFERROR(Tabela207[[#This Row],[KM RODADO]]/Tabela207[[#This Row],[TOTAL DE LITROS]],"-") -> 8.0889957
A4: TGK2G46 | B4: TI-02 | C4: =IFERROR(VLOOKUP(Tabela207[[#This Row],[PLACA]],Resultados!$B$7:$H$121,3,0),"-") -> 30680 | D4: =IFERROR(VLOOKUP(Tabela207[[#This Row],[PLACA]],Resultados!$B$7:$H$121,4,0),"-") -> 4810.76 | E4: =IFERROR(VLOOKUP(Tabela207[[#This Row],[PLACA]],Resultados!$B$7:$H$121,5,0),"-") -> 23351.57 | F4: =IFERROR(Tabela207[[#This Row],[GASTO TOTAL]]/Tabela207[[#This Row],[KM RODADO]],"-") -> 0.76113331 | G4: =IFERROR(Tabela207[[#This Row],[KM RODADO]]/Tabela207[[#This Row],[GASTO TOTAL]],"-") -> 1.3138303 | H4: =IFERROR(Tabela207[[#This Row],[KM RODADO]]/Tabela207[[#This Row],[TOTAL DE LITROS]],"-") -> 6.3773707
A5: TGA0B06 | B5: TI-03 | C5: =IFERROR(VLOOKUP(Tabela207[[#This Row],[PLACA]],Resultados!$B$7:$H$121,3,0),"-") -> 25701 | D5: =IFERROR(VLOOKUP(Tabela207[[#This Row],[PLACA]],Resultados!$B$7:$H$121,4,0),"-") -> 3257.13 | E5: =IFERROR(VLOOKUP(Tabela207[[#This Row],[PLACA]],Resultados!$B$7:$H$121,5,0),"-") -> 15859.65 | F5: =IFERROR(Tabela207[[#This Row],[GASTO TOTAL]]/Tabela207[[#This Row],[KM RODADO]],"-") -> 0.61708299 | G5: =IFERROR(Tabela207[[#This Row],[KM RODADO]]/Tabela207[[#This Row],[GASTO TOTAL]],"-") -> 1.6205276 | H5: =IFERROR(Tabela207[[#This Row],[KM RODADO]]/Tabela207[[#This Row],[TOTAL DE LITROS]],"-") -> 7.890689
A6: TGM4D76 | B6: TI-04 | C6: =IFERROR(VLOOKUP(Tabela207[[#This Row],[PLACA]],Resultados!$B$7:$H$121,3,0),"-") -> 36151 | D6: =IFERROR(VLOOKUP(Tabela207[[#This Row],[PLACA]],Resultados!$B$7:$H$121,4,0),"-") -> 4555.89 | E6: =IFERROR(VLOOKUP(Tabela207[[#This Row],[PLACA]],Resultados!$B$7:$H$121,5,0),"-") -> 21668.83 | F6: =IFERROR(Tabela207[[#This Row],[GASTO TOTAL]]/Tabela207[[#This Row],[KM RODADO]],"-") -> 0.5993978 | G6: =IFERROR(Tabela207[[#This Row],[KM RODADO]]/Tabela207[[#This Row],[GASTO TOTAL]],"-") -> 1.6683411 | H6: =IFERROR(Tabela207[[#This Row],[KM RODADO]]/Tabela207[[#This Row],[TOTAL DE LITROS]],"-") -> 7.9350028
A7: RBP0A22 | B7: TI-05 | C7: =IFERROR(VLOOKUP(Tabela207[[#This Row],[PLACA]],Resultados!$B$7:$H$121,3,0),"-") -> 16396 | D7: =IFERROR(VLOOKUP(Tabela207[[#This Row],[PLACA]],Resultados!$B$7:$H$121,4,0),"-") -> 1933.02 | E7: =IFERROR(VLOOKUP(Tabela207[[#This Row],[PLACA]],Resultados!$B$7:$H$121,5,0),"-") -> 9292.66 | F7: =IFERROR(Tabela207[[#This Row],[GASTO TOTAL]]/Tabela207[[#This Row],[KM RODADO]],"-") -> 0.56676384 | G7: =IFERROR(Tabela207[[#This Row],[KM RODADO]]/Tabela207[[#This Row],[GASTO TOTAL]],"-") -> 1.7644033 | H7: =IFERROR(Tabela207[[#This Row],[KM RODADO]]/Tabela207[[#This Row],[TOTAL DE LITROS]],"-") -> 8.4820643
A8: RCJ8I11 | B8: TI-06 | C8: =IFERROR(VLOOKUP(Tabela207[[#This Row],[PLACA]],Resultados!$B$7:$H$121,3,0),"-") -> 10914 | D8: =IFERROR(VLOOKUP(Tabela207[[#This Row],[PLACA]],Resultados!$B$7:$H$121,4,0),"-") -> 1070.52 | E8: =IFERROR(VLOOKUP(Tabela207[[#This Row],[PLACA]],Resultados!$B$7:$H$121,5,0),"-") -> 5268.54 | F8: =IFERROR(Tabela207[[#This Row],[GASTO TOTAL]]/Tabela207[[#This Row],[KM RODADO]],"-") -> 0.48273227 | G8: =IFERROR(Tabela207[[#This Row],[KM RODADO]]/Tabela207[[#This Row],[GASTO TOTAL]],"-") -> 2.0715416 | H8: =IFERROR(Tabela207[[#This Row],[KM RODADO]]/Tabela207[[#This Row],[TOTAL DE LITROS]],"-") -> 10.195045
B13: TOTAL | D13: =SUBTOTAL(109,D3:D9) -> 19398.74 | E13: =SUBTOTAL(109,E3:E10) -> 93571.75 | G13: =SUBTOTAL(1,Tabela207[[#All],[CUSTO/KM]]) -> 1.6868797 | H13: =SUBTOTAL(1,Tabela207[MÉDIA]) -> 8.161528
D15: Preço Médio Diesel = | E15: =E13/D13 -> 4.8235994

Sheet Resultados
C3: Ano | D3: (Tudo)
C4: Mês | D4: (Tudo)
C5: ÁREA | D5: (Tudo)
B7: Placa | C7: Viaturas | D7: Distância | E7: Litros | F7: Valor abastecido | G7: Média
B8: =_xlfn.XLOOKUP(C8,Combustivel!F:F,Combustivel!A:A) -> TFV8C74 | C8: A-01 | D8: 19232 | E8: 3505.55 | F8: 23526.06 | G8: 5.5240845
B9: =_xlfn.XLOOKUP(C9,Combustivel!F:F,Combustivel!A:A) -> TFM4H34 | C9: A-02 | D9: 14412 | E9: 2465.43 | F9: 16410.42 | G9: 5.972
B10: =_xlfn.XLOOKUP(C10,Combustivel!F:F,Combustivel!A:A) -> TFB0B52 | C10: ANTT-02 | D10: 0 | E10: 133.44 | F10: 862.4 | G10: 0
B11: =_xlfn.XLOOKUP(C11,Combustivel!F:F,Combustivel!A:A) -> QSW6J59 | C11: CP - 01 | D11: 33304 | E11: 8783.62 | F11: 56791.66 | G11: 4.1773494
B12: =_xlfn.XLOOKUP(C12,Combustivel!F:F,Combustivel!A:A) -> TIV6G27 | C12: GL - 01 | D12: 49256 | E12: 8494.43 | F12: 54928.3 | G12: 6.0957447
B13: =_xlfn.XLOOKUP(C13,Combustivel!F:F,Combustivel!A:A) -> TLO0E87 | C13: GL - 02 | D13: 47060 | E13: 8519.36 | F13: 54770.84 | G13: 6.2819847
B14: =_xlfn.XLOOKUP(C14,Combustivel!F:F,Combustivel!A:A) -> TJE5D27 | C14: GL - 03 | D14: 34377 | E14: 6713.79 | F14: 46525.27 | G14: 5.3782051
B15: =_xlfn.XLOOKUP(C15,Combustivel!F:F,Combustivel!A:A) -> TKB0E17 | C15: GL - 04 | D15: 35913 | E15: 8078.57 | F15: 50441.03 | G15: 5.061978
B16: =_xlfn.XLOOKUP(C16,Combustivel!F:F,Combustivel!A:A) -> TJP1H27 | C16: GL - 05 Reserva | D16: 25090 | E16: 4686.25 | F16: 29913.05 | G16: 5.7120896
B17: =_xlfn.XLOOKUP(C17,Combustivel!F:F,Combustivel!A:A) -> TKC7D89 | C17: GP - 01 | D17: 35709 | E17: 15771.92 | F17: 113131.33 | G17: 2.5096667
B18: =_xlfn.XLOOKUP(C18,Combustivel!F:F,Combustivel!A:A) -> TKC9B59 | C18: GP - 02 | D18: 13289 | E18: 7555.79 | F18: 54240.25 | G18: 1.9970588
B19: =_xlfn.XLOOKUP(C19,Combustivel!F:F,Combustivel!A:A) -> TMG4A29 | C19: GP - 03 | D19: 31779 | E19: 16791.28 | F19: 112390.05 | G19: 2.1196552
... B87: =_xlfn.XLOOKUP(C87,Combustivel!F:F,Combustivel!A:A) -> TUK2D26 | C87: VIA-12-R | D87: 99085 | E87: 7310.91 | F87: 44741.68 | G87: 13.557557
B88: =_xlfn.XLOOKUP(C88,Combustivel!F:F,Combustivel!A:A) -> #N/A | C88: (vazio)
B89: =_xlfn.XLOOKUP(C89,Combustivel!F:F,Combustivel!A:A) -> #N/A | C89: Total Geral | D89: 3457095.5 | E89: 512755.91 | F89: 2855434.7 | G89: 7.8955513

Sheet Combustivel
A1: PLACA | B1: NUMERO CARTAO | C1: DATA | D1: MATRICULA | E1: MOTORISTA | F1: NUMERO FROTA | G1: TIPO FROTA | H1: MODELO | I1: FABRICANTE | J1: TERMINAL | K1: ESTABELECIMENTO | L1: CIDADE | M1: UF | N1: PRODUTO | O1: DISTANCIA | P1: CONSUMO | Q1: UNIDADE | R1: HODOMETRO | S1: QUANTIDADE | T1: VALOR UNITARIO | U1: VALOR TOTAL | V1: CUPOM FISCAL | W1: CENTRO RESULTADO | X1: FILIAL | Y1: CENTRO CUSTO | Z1: NUMERO TAG NFC | AA1: aux data | AB1: Aux Mês | AC1: Aux Ano | AD1: ÁREA
A2: TFD2J89 | B2: Reembolso | C2: 45748 | D2: n/a | E2: EDUARDO DE SOUSA PIMENTEL | F2: POOL - 02 | G2: Automóvel | H2: ARGO | I2: FIAT | J2: n/a | K2: n/a | L2: n/a | M2: GO | N2: ETANOL COMUM | O2: 0 | P2: =P51 -> 10.83 | Q2: Km/L | R2: 0 | S2: 0 | T2: 4.59 | U2: =S2*T2 -> 0 | V2: 0 | W2: Planejamento Operaci | X2: Planejamento Operaci | Y2: Operacional | AA2: 45748 | AB2: =MONTH(AA2) -> 4 | AC2: =YEAR(AA2) -> 2025 | AD2: =IFERROR(VLOOKUP(A2,'Aux Área'!$A$4:$B$123,2,0),"-") -> OPERAÇÃO
A3: TFE6B22 | B3: Reembolso | C3: 45748 | D3: n/a | E3: EDUARDO DE SOUSA PIMENTEL | F3: VA - 09 | G3: Automóvel | H3: ARGO | I3: FIAT | J3: n/a | K3: n/a | L3: n/a | M3: GO | N3: ETANOL COMUM | O3: =R17-O17 -> 0 | P3: =P17 -> 8.69 | Q3: Km/L | R3: =O3 -> 0 | S3: =O3/P3 -> 0 | T3: 4.59 | U3: =S3*T3 -> 0 | V3: 0 | W3: Planejamento Operaci | X3: Planejamento Operaci | Y3: Operacional | AA3: 45748 | AB3: =MONTH(AA3) -> 4 | AC3: =YEAR(AA3) -> 2025 | AD3: =IFERROR(VLOOKUP(A3,'Aux Área'!$A$4:$B$123,2,0),"-") -> ENGENHARIA
A4: TFF5D72 | B4: Reembolso | C4: 45748 | D4: n/a | E4: EDUARDO DE SOUSA PIMENTEL | F4: VA - 11 | G4: Automóvel | H4: ARGO | I4: FIAT | J4: n/a | K4: n/a | L4: n/a | M4: GO | N4: ETANOL COMUM | O4: =R9-O9 -> 0 | P4: 7.47 | Q4: Km/L | R4: =O4 -> 0 | S4: =O4/P4 -> 0 | T4: 4.59 | U4: =S4*T4 -> 0 | V4: 0 | W4: Planejamento Operaci | X4: Planejamento Operaci | Y4: Operacional | AA4: 45748 | AB4: =MONTH(AA4) -> 4 | AC4: =YEAR(AA4) -> 2025 | AD4: =IFERROR(VLOOKUP(A4,'Aux Área'!$A$4:$B$123,2,0),"-") -> OPERAÇÃO
A5: TFF6I82 | B5: Reembolso | C5: 45748 | D5: n/a | E5: EDUARDO DE SOUSA PIMENTEL | F5: POOL - 03 | G5: Automóvel | H5: ARGO | I5: FIAT | J5: n/a | K5: n/a | L5: n/a | M5: GO | N5: ETANOL COMUM | O5: =R158-O158 -> 4490 | P5: =P158 -> 11.06 | Q5: Km/L | R5: =O5 -> 4490 | S5: =O5/P5 -> 405.96745 | T5: 4.59 | U5: =S5*T5 -> 1863.3906 | V5: 0 | W5: Planejamento Operaci | X5: Planejamento Operaci | Y5: Operacional | AA5: 45748 | AB5: =MONTH(AA5) -> 4 | AC5: =YEAR(AA5) -> 2025 | AD5: =IFERROR(VLOOKUP(A5,'Aux Área'!$A$4:$B$123,2,0),"-") -> FACILITIES
A6: TFI3B19 | B6: Reembolso | C6: 45748 | D6: n/a | E6: EDUARDO DE SOUSA PIMENTEL | F6: VA - 03 | G6: Automóvel | H6: ARGO | I6: FIAT | J6: n/a | K6: n/a | L6: n/a | M6: GO | N6: ETANOL COMUM | O6: =R123-O123 -> 6305 | P6: =P123 -> 8.5 | Q6: Km/L | R6: =O6 -> 6305 | S6: =O6/P6 -> 741.76471 | T6: 4.59 | U6: =S6*T6 -> 3404.7 | V6: 0 | W6: Planejamento Operaci | X6: Planejamento Operaci | Y6: Operacional | AA6: 45748 | AB6: =MONTH(AA6) -> 4 | AC6: =YEAR(AA6) -> 2025 | AD6: =IFERROR(VLOOKUP(A6,'Aux Área'!$A$4:$B$123,2,0),"-") -> OPERAÇÃO
A7: TFN0D12 | B7: Reembolso | C7: 45748 | D7: n/a | E7: EDUARDO DE SOUSA PIMENTEL | F7: VA - 07 | G7: Automóvel | H7: ARGO | I7: FIAT | J7: n/a | K7: n/a | L7: n/a | M7: GO | N7: ETANOL COMUM | O7: =R245-O245 -> 6181 | P7: 7.47 | Q7: Km/L | R7: =O7 -> 6181 | S7: =O7/P7 -> 827.44311 | T7: 4.59 | U7: =S7*T7 -> 3797.9639 | V7: 0 | W7: Planejamento Operaci | X7: Planejamento Operaci | Y7: Operacional | AA7: 45748 | AB7: =MONTH(AA7) -> 4 | AC7: =YEAR(AA7) -> 2025 | AD7: =IFERROR(VLOOKUP(A7,'Aux Área'!$A$4:$B$123,2,0),"-") -> QSMS
A8: TFP3B22 | B8: Reembolso | C8: 45748 | D8: n/a | E8: EDUARDO DE SOUSA PIMENTEL | F8: VA - 05 | G8: Automóvel | H8: ARGO | I8: FIAT | J8: n/a | K8: n/a | L8: n/a | M8: GO | N8: ETANOL COMUM | O8: =R25-O25 -> 368.9604 | P8: =P25 -> 9.62 | Q8: Km/L | R8: =O8 -> 368.9604 | S8: =O8/P8 -> 38.353472 | T8: 4.59 | U8: =S8*T8 -> 176.04244 | V8: 0 | W8: Planejamento Operaci | X8: Planejamento Operaci | Y8: Operacional | AA8: 45748 | AB8: =MONTH(AA8) -> 4 | AC8: =YEAR(AA8) -> 2025 | AD8: =IFERROR(VLOOKUP(A8,'Aux Área'!$A$4:$B$123,2,0),"-") -> CONSERVA
A9: TFP9I32 | B9: Reembolso | C9: 45748 | D9: n/a | E9: EDUARDO DE SOUSA PIMENTEL | F9: VA - 13 | G9: Automóvel | H9: ARGO | I9: FIAT | J9: n/a | K9: n/a | L9: n/a | M9: GO | N9: ETANOL COMUM | O9: =R14-O14 -> 0 | P9: 7.47 | Q9: Km/L | R9: =O9 -> 0 | S9: =O9/P9 -> 0 | T9: 4.59 | U9: =S9*T9 -> 0 | V9: 0 | W9: Planejamento Operaci | X9: Planejamento Operaci | Y9: Operacional | AA9: 45748 | AB9: =MONTH(AA9) -> 4 | AC9: =YEAR(AA9) -> 2025 | AD9: =IFERROR(VLOOKUP(A9,'Aux Área'!$A$4:$B$123,2,0),"-") -> CONSERVA
A10: TFR8B59 | B10: Reembolso | C10: 45748 | D10: n/a | E10: EDUARDO DE SOUSA PIMENTEL | F10: VA - 02 | G10: Automóvel | H10: ARGO | I10: FIAT | J10: n/a | K10: n/a | L10: n/a | M10: GO | N10: ETANOL COMUM | O10: =R50-O50 -> 3055 | P10: =P50 -> 8.69 | Q10: Km/L | R10: =O10 -> 3055 | S10: =O10/P10 -> 351.55351 | T10: 4.59 | U10: =S10*T10 -> 1613.6306 | V10: 0 | W10: Planejamento Operaci | X10: Planejamento Operaci | Y10: Operacional | AA10: 45748 | AB10: =MONTH(AA10) -> 4 | AC10: =YEAR(AA10) -> 2025 | AD10: =IFERROR(VLOOKUP(A10,'Aux Área'!$A$4:$B$123,2,0),"-") -> TI
A11: TFS3C72 | B11: Reembolso | C11: 45748 | D11: n/a | E11: EDUARDO DE SOUSA PIMENTEL | F11: VA - 06 | G11: Automóvel | H11: ARGO | I11: FIAT | J11: n/a | K11: n/a | L11: n/a | M11: GO | N11: ETANOL COMUM | O11: =R22-O22 -> 402.324 | P11: =P22 -> 8.9 | Q11: Km/L | R11: =O11 -> 402.324 | S11: =O11/P11 -> 45.204944 | T11: 4.59 | U11: =S11*T11 -> 207.49069 | V11: 0 | W11: Planejamento Operaci | X11: Planejamento Operaci | Y11: Operacional | AA11: 45748 | AB11: =MONTH(AA11) -> 4 | AC11: =YEAR(AA11) -> 2025 | AD11: =IFERROR(VLOOKUP(A11,'Aux Área'!$A$4:$B$123,2,0),"-") -> CONSERVA
A12: TFW2H32 | B12: Reembolso | C12: 45748 | D12: n/a | E12: EDUARDO DE SOUSA PIMENTEL | F12: VA - 15 | G12: Automóvel | H12: ARGO | I12: FIAT | J12: n/a | K12: n/a | L12: n/a | M12: GO | N12: ETANOL COMUM | O12: =R113-O113 -> 7635 | P12: 7.47 | Q12: Km/L | R12: =O12 -> 7635 | S12: =O12/P12 -> 1022.0884 | T12: 4.59 | U12: =S12*T12 -> 4691.3855 | V12: 0 | W12: Planejamento Operaci | X12: Planejamento Operaci | Y12: Operacional | AA12: 45748 | AB12: =MONTH(AA12) -> 4 | AC12: =YEAR(AA12) -> 2025 | AD12: =IFERROR(VLOOKUP(A12,'Aux Área'!$A$4:$B$123,2,0),"-") -> QSMS
A13: TFX7J72 | B13: Reembolso | C13: 45748 | D13: n/a | E13: EDUARDO DE SOUSA PIMENTEL | F13: VA - 08 | G13: Automóvel | H13: ARGO | I13: FIAT | J13: n/a | K13: n/a | L13: n/a | M13: GO | N13: ETANOL COMUM | O13: =R33-O33 -> 2456 | P13: =P33 -> 8.5 | Q13: Km/L | R13: =O13 -> 2456 | S13: =O13/P13 -> 288.94118 | T13: 4.59 | U13: =S13*T13 -> 1326.24 | V13: 0 | W13: Planejamento Operaci | X13: Planejamento Operaci | Y13: Operacional | AA13: 45748 | AB13: =MONTH(AA13) -> 4 | AC13: =YEAR(AA13) -> 2025 | AD13: =IFERROR(VLOOKUP(A13,'Aux Área'!$A$4:$B$123,2,0),"-") -> CONSERVA
A14: TFX8A49 | B14: Reembolso | C14: 45748 | D14: n/a | E14: EDUARDO DE SOUSA PIMENTEL | F14: POOL - 01 | G14: Automóvel | H14: ARGO | I14: FIAT | J14: n/a | K14: n/a | L14: n/a | M14: GO | N14: ETANOL COMUM | O14: =R51-O51 -> 4801 | P14: =P51 -> 10.83 | Q14: Km/L | R14: =O14 -> 4801 | S14: =O14/P14 -> 443.30563 | T14: 4.59 | U14: =S14*T14 -> 2034.7729 | V14: 0 | W14: Planejamento Operaci | X14: Planejamento Operaci | Y14: Operacional | AA14: 45748 | AB14: =MONTH(AA14) -> 4 | AC14: =YEAR(AA14) -> 2025 | AD14: =IFERROR(VLOOKUP(A14,'Aux Área'!$A$4:$B$123,2,0),"-") -> OPERAÇÃO
A15: TFY2H52 | B15: Reembolso | C15: 45748 | D15: n/a | E15: EDUARDO DE SOUSA PIMENTEL | F15: VA - 12 | G15: Automóvel | H15: ARGO | I15: FIAT | J15: n/a | K15: n/a | L15: n/a | M15: GO | N15: ETANOL COMUM | O15: =R29-O29 -> 2610 | P15: 7.47 | Q15: Km/L | R15: =O15 -> 2610 | S15: =O15/P15 -> 349.39759 | T15: 4.59 | U15: =S15*T15 -> 1603.7349 | V15: 0 | W15: Planejamento Operaci | X15: Planejamento Operaci | Y15: Operacional | AA15: 45748 | AB15: =MONTH(AA15) -> 4 | AC15: =YEAR(AA15) -> 2025 | AD15: =IFERROR(VLOOKUP(A15,'Aux Área'!$A$4:$B$123,2,0),"-") -> QSMS
A16: TFY3C02 | B16: Reembolso | C16: 45748 | D16: n/a | E16: EDUARDO DE SOUSA PIMENTEL | F16: VA - 10 | G16: Automóvel | H16: ARGO | I16: FIAT | J16: n/a | K16: n/a | L16: n/a | M16: GO | N16: ETANOL COMUM | O16: =R33-O33 -> 2456 | P16: 7.47 | Q16: Km/L | R16: =O16 -> 2456 | S16: =O16/P16 -> 328.78179 | T16: 4.59 | U16: =S16*T16 -> 1509.1084 | V16: 0 | W16: Planejamento Operaci | X16: Planejamento Operaci | Y16: Operacional | AA16: 45748 | AB16: =MONTH(AA16) -> 4 | AC16: =YEAR(AA16) -> 2025 | AD16: =IFERROR(VLOOKUP(A16,'Aux Área'!$A$4:$B$123,2,0),"-") -> OPERAÇÃO
A17: TFY6E09 | B17: Reembolso | C17: 45748 | D17: n/a | E17: EDUARDO DE SOUSA PIMENTEL | F17: VA - 04 | G17: Automóvel | H17: ARGO | I17: FIAT | J17: n/a | K17: n/a | L17: n/a | M17: GO | N17: ETANOL COMUM | O17: =R32-O32 -> 2609.6152 | P17: =P32 -> 8.69 | Q17: Km/L | R17: =O17 -> 2609.6152 | S17: =O17/P17 -> 300.30094 | T17: 4.59 | U17: =S17*T17 -> 1378.3813 | V17: 0 | W17: Planejamento Operaci | X17: Planejamento Operaci | Y17: Operacional | AA17: 45748 | AB17: =MONTH(AA17) -> 4 | AC17: =YEAR(AA17) -> 2025 | AD17: =IFERROR(VLOOKUP(A17,'Aux Área'!$A$4:$B$123,2,0),"-") -> ENGENHARIA
A18: TGF2J32 | B18: Reembolso | C18: 45748 | D18: n/a | E18: EDUARDO DE SOUSA PIMENTEL | F18: VA - 14 | G18: Automóvel | H18: ARGO | I18: FIAT | J18: n/a | K18: n/a | L18: n/a | M18: GO | N18: ETANOL COMUM | O18: =R25-O25 -> 368.9604 | P18: 7.47 | Q18: Km/L | R18: =O18 -> 368.9604 | S18: =O18/P18 -> 49.392289 | T18: 4.59 | U18: =S18*T18 -> 226.71061 | V18: 0 | W18: Planejamento Operaci | X18: Planejamento Operaci | Y18: Operacional | AA18: 45748 | AB18: =MONTH(AA18) -> 4 | AC18: =YEAR(AA18) -> 2025 | AD18: =IFERROR(VLOOKUP(A18,'Aux Área'!$A$4:$B$123,2,0),"-") -> TI
A19: TGL4J09 | B19: Reembolso | C19: 45748 | D19: n/a | E19: EDUARDO DE SOUSA PIMENTEL | F19: VA - 01 | G19: Automóvel | H19: ARGO | I19: FIAT | J19: n/a | K19: n/a | L19: n/a | M19: GO | N19: ETANOL COMUM | O19: =R42-O42 -> 1378 | P19: 7.47 | Q19: Km/L | R19: =O19 -> 1378 | S19: =O19/P19 -> 184.47122 | T19: 4.59 | U19: =S19*T19 -> 846.72289 | V19: 0 | W19: Planejamento Operaci | X19: Planejamento Operaci | Y19: Operacional | AA19: 45748 | AB19: =MONTH(AA19) -> 4 | AC19: =YEAR(AA19) -> 2025 | AD19: =IFERROR(VLOOKUP(A19,'Aux Área'!$A$4:$B$123,2,0),"-") -> ENGENHARIA
A20: TFF5D72 | B20: 60645800105124274 | C20: 12/05/2025 14:36:33 | D20: 26270 | E20: CRISTIANO TORRES WARDIL | F20: VA - 11 | G20: Automóvel | H20: ARGO | I20: FIAT | J20: 92267803 | K20: POSTO XANDAO | L20: GOIANIA | M20: GO | N20: ETANOL COMUM | O20: =P20*S20 -> 178.4887 | P20: =P258 -> 5.59 | Q20: Km/L | R20: 184 | S20: 31.93 | T20: 4.84 | U20: 154.54 | V20: 0 | W20: Planejamento Operaci | X20: Planejamento Operaci | Y20: Operacional | AA20: =DATEVALUE(C20) -> 45789 | AB20: =MONTH(AA20) -> 5 | AC20: =YEAR(AA20) -> 2025 | AD20: =IFERROR(VLOOKUP(A20,'Aux Área'!$A$4:$B$123,2,0),"-") -> OPERAÇÃO
A21: TFS3C72 | B21: 60645800105124220 | C21: 12/05/2025 17:26:45 | D21: 00271 | E21: HEDER OLIVEIRA SANTANA | F21: VA - 06 | G21: Automóvel | H21: ARGO | I21: FIAT | J21: 07674909 | K21: AUTO POSTO INDIARA | L21: INDIARA | M21: GO | N21: ETANOL COMUM | O21: =P21*S21 -> 340.885 | P21: =P24 -> 8.63 | Q21: Km/L | R21: 2108 | S21: 39.5 | T21: 4.55 | U21: 179.72 | V21: 5228 | W21: Planejamento Operaci | X21: Planejamento Operaci | Y21: Operacional | AA21: =DATEVALUE(C21) -> 45789 | AB21: =MONTH(AA21) -> 5 | AC21: =YEAR(AA21) -> 2025 | AD21: =IFERROR(VLOOKUP(A21,'Aux Área'!$A$4:$B$123,2,0),"-") -> CONSERVA
A22: TFP9I32 | B22: 60645800105124300 | C22: 12/05/2025 18:51:13 | D22: 33861 | E22: FERNANDO DOS REIS GONÇALVES | F22: VA - 13 | G22: Automóvel | H22: ARGO | I22: FIAT | J22: 26466212 | K22: AUTO POSTO GLOBAL AR | L22: GOIANIA | M22: GO | N22: ETANOL COMUM | O22: =P22*S22 -> 345.676 | P22: =P36 -> 8.9 | Q22: Km/L | R22: 748 | S22: 38.84 | T22: 4.84 | U22: 187.99 | V22: 120567811 | W22: Planejamento Operaci | X22: Planejamento Operaci | Y22: Operacional | AA22: =DATEVALUE(C22) -> 45789 | AB22: =MONTH(AA22) -> 5 | AC22: =YEAR(AA22) -> 2025 | AD22: =IFERROR(VLOOKUP(A22,'Aux Área'!$A$4:$B$123,2,0),"-") -> CONSERVA
A23: TFY6E09 | B23: 60645800105124193 | C23: 12/05/2025 19:38:11 | D23: 71805 | E23: MURILLO SOUZA BERNARDES | F23: VA - 04 | G23: Automóvel | H23: ARGO | I23: FIAT | J23: 31860311 | K23: POSTO CAPIM DOURADO | L23: GOIANIA | M23: GO | N23: ETANOL COMUM | O23: =P23*S23 -> 388.8306 | P23: =P42 -> 10.11 | Q23: Km/L | R23: 1378 | S23: 38.46 | T23: 4.79 | U23: 184.22 | V23: 197343 | W23: Planejamento Operaci | X23: Planejamento Operaci | Y23: Operacional | AA23: =DATEVALUE(C23) -> 45789 | AB23: =MONTH(AA23) -> 5 | AC23: =YEAR(AA23) -> 2025 | AD23: =IFERROR(VLOOKUP(A23,'Aux Área'!$A$4:$B$123,2,0),"-") -> ENGENHARIA
A24: TFS3C72 | B24: 60645800105124220 | C24: 13/05/2025 12:44:59 | D24: 00271 | E24: HEDER OLIVEIRA SANTANA | F24: VA - 06 | G24: Automóvel | H24: ARGO | I24: FIAT | J24: 26406711 | K24: POSTO ZANDONADI | L24: GUAPO | M24: GO | N24: ETANOL ADITIVADO | O24: 348 | P24: 8.63 | Q24: Km/L | R24: 2456 | S24: 40.33 | T24: 4.59 | U24: 185.11 | V24: 1 | W24: Planejamento Operaci | X24: Planejamento Operaci | Y24: Operacional | AA24: =DATEVALUE(C24) -> 45790 | AB24: =MONTH(AA24) -> 5 | AC24: =YEAR(AA24) -> 2025 | AD24: =IFERROR(VLOOKUP(A24,'Aux Área'!$A$4:$B$123,2,0),"-") -> CONSERVA
A25: TGF2J32 | B25: 60645800105124310 | C25: 13/05/2025 12:47:36 | D25: 29136 | E25: CLEITON INACIO DE MOURA | F25: VA - 14 | G25: Automóvel | H25: ARGO | I25: FIAT | J25: 31860311 | K25: POSTO CAPIM DOURADO | L25: GOIANIA | M25: GO | N25: ETANOL COMUM | O25: =P25*S25 -> 323.0396 | P25: =P64 -> 9.62 | Q25: Km/L | R25: 692 | S25: 33.58 | T25: 4.79 | U25: 160.84 | V25: 201722 | W25: Planejamento Operaci | X25: Planejamento Operaci | Y25: Operacional | AA25: =DATEVALUE(C25) -> 45790 | AB25: =MONTH(AA25) -> 5 | AC25: =YEAR(AA25) -> 2025 | AD25: =IFERROR(VLOOKUP(A25,'Aux Área'!$A$4:$B$123,2,0),"-") -> TI
A26: TFP3B22 | B26: 60645800105124210 | C26: 13/05/2025 13:33:14 | D26: 02769 | E26: ANDRE LUIS PAULINO | F26: VA - 05 | G26: Automóvel | H26: ARGO | I26: FIAT | J26: 81889412 | K26: POSTO ZERO UM | L26: RIO VERDE | M26: GO | N26: ETANOL COMUM | O26: =P26*S26 -> 363.7767 | P26: =P29 -> 9.33 | Q26: Km/L | R26: 2610 | S26: 38.99 | T26: 4.09 | U26: 159.46 | V26: 0 | W26: Planejamento Operaci | X26: Planejamento Operaci | Y26: Operacional | AA26: =DATEVALUE(C26) -> 45790 | AB26: =MONTH(AA26) -> 5 | AC26: =YEAR(AA26) -> 2025 | AD26: =IFERROR(VLOOKUP(A26,'Aux Área'!$A$4:$B$123,2,0),"-") -> CONSERVA
A27: TFE6B22 | B27: 60645800105124258 | C27: 13/05/2025 14:21:43 | D27: 03608 | E27: WEIDER DA SILVA RODRIGUES | F27: VA - 09 | G27: Automóvel | H27: ARGO | I27: FIAT | J27: 26466212 | K27: AUTO POSTO GLOBAL AR | L27: GOIANIA | M27: GO | N27: ETANOL COMUM | O27: =P27*S27 -> 339.72 | P27: =P84 -> 8.94 | Q27: Km/L | R27: 370 | S27: 38 | T27: 4.841 | U27: 183.96 | V27: 130551651 | W27: Planejamento Operaci | X27: Planejamento Operaci | Y27: Operacional | AA27: =DATEVALUE(C27) -> 45790 | AB27: =MONTH(AA27) -> 5 | AC27: =YEAR(AA27) -> 2025 | AD27: =IFERROR(VLOOKUP(A27,'Aux Área'!$A$4:$B$123,2,0),"-") -> ENGENHARIA
A28: TGL4J09 | B28: 60645800105124150 | C28: 13/05/2025 18:52:46 | D28: 40379 | E28: JESTER LUCAS GOUVEIA SANTOS | F28: VA - 01 | G28: Automóvel | H28: ARGO | I28: FIAT | J28: 88813408 | K28: POSTO ITALIA | L28: SENADOR CANEDO | M28: GO | N28: ETANOL COMUM | O28: =P28*S28 -> 389.0025 | P28: =P80 -> 10.17 | Q28: Km/L | R28: 3329 | S28: 38.25 | T28: 4.79 | U28: 183.22 | V28: 3186 | W28: Planejamento Operaci | X28: Planejamento Operaci | Y28: Operacional | AA28: =DATEVALUE(C28) -> 45790 | AB28: =MONTH(AA28) -> 5 | AC28: =YEAR(AA28) -> 2025 | AD28: =IFERROR(VLOOKUP(A28,'Aux Área'!$A$4:$B$123,2,0),"-") -> ENGENHARIA
A29: TFP3B22 | B29: 60645800105124210 | C29: 14/05/2025 07:33:51 | D29: 02769 | E29: ANDRE LUIS PAULINO | F29: VA - 05 | G29: Automóvel | H29: ARGO | I29: FIAT | J29: 45364511 | K29: AUTO POSTO CERRADO 4 | L29: ITUMBIARA | M29: GO | N29: ETANOL COMUM | O29: 320 | P29: 9.33 | Q29: Km/L | R29: 2930 | S29: 34.29 | T29: 3.99 | U29: 136.82 | V29: 337702 | W29: Planejamento Operaci | X29: Planejamento Operaci | Y29: Operacional | AA29: =DATEVALUE(C29) -> 45791 | AB29: =MONTH(AA29) -> 5 | AC29: =YEAR(AA29) -> 2025 | AD29: =IFERROR(VLOOKUP(A29,'Aux Área'!$A$4:$B$123,2,0),"-") -> CONSERVA
A30: TFY2H52 | B30: 60645800105124282 | C30: 14/05/2025 19:09:57 | D30: 49396 | E30: JOAO JOSE MULATINHO DE MEDEIROS CORREIA | F30: VA - 12 | G30: Automóvel | H30: ARGO | I30: FIAT | J30: 36603412 | K30: POSTO DO RATINHO | L30: GOIANIA | M30: GO | N30: ETANOL COMUM | O30: =P30*S30 -> 455.2548 | P30: =P43 -> 11.37 | Q30: Km/L | R30: 1214 | S30: 40.04 | T30: 5.083 | U30: 203.52 | V30: 0 | W30: Planejamento Operaci | X30: Planejamento Operaci | Y30: Operacional | AA30: =DATEVALUE(C30) -> 45791 | AB30: =MONTH(AA30) -> 5 | AC30: =YEAR(AA30) -> 2025 | AD30: =IFERROR(VLOOKUP(A30,'Aux Área'!$A$4:$B$123,2,0),"-") -> QSMS
A31: TFY3C02 | B31: 60645800105124266 | C31: 14/05/2025 21:53:35 | D31: 37473 | E31: OTHON SIQUEIRA DE ALMEIDA | F31: VA - 10 | G31: Automóvel | H31: ARGO | I31: FIAT | J31: 07506503 | K31: POSTO CHURR. PRESIDENTE 24HS | L31: ANAPOLIS | M31: GO | N31: ETANOL COMUM | O31: =P31*S31 -> 377.8921 | P31: =P53 -> 9.37 | Q31: Km/L | R31: 2002 | S31: 40.33 | T31: 4.29 | U31: 173.02 | V31: 1 | W31: Planejamento Operaci | X31: Planejamento Operaci | Y31: Operacional | AA31: =DATEVALUE(C31) -> 45791 | AB31: =MONTH(AA31) -> 5 | AC31: =YEAR(AA31) -> 2025 | AD31: =IFERROR(VLOOKUP(A31,'Aux Área'!$A$4:$B$123,2,0),"-") -> OPERAÇÃO
A32: TFX7J72 | B32: 60645800105124339 | C32: 15/05/2025 07:03:32 | D32: 03126 | E32: PEDRO PAULO SILVA SANTOS | F32: VA - 08 | G32: Automóvel | H32: ARGO | I32: FIAT | J32: 75350202 | K32: AUTO POSTO SANTA FE BAIRRO POP | L32: RIO VERDE | M32: GO | N32: ETANOL COMUM | O32: =P32*S32 -> 277.3848 | P32: =P50 -> 8.69 | Q32: Km/L | R32: 2887 | S32: 31.92 | T32: 4.341 | U32: 138.55 | V32: 3 | W32: Planejamento Operaci | X32: Planejamento Operaci | Y32: Operacional | AA32: =DATEVALUE(C32) -> 45792 | AB32: =MONTH(AA32) -> 5 | AC32: =YEAR(AA32) -> 2025 | AD32: =IFERROR(VLOOKUP(A32,'Aux Área'!$A$4:$B$123,2,0),"-") -> CONSERVA
A33: TFS3C72 | B33: 60645800105124220 | C33: 15/05/2025 08:22:48 | D33: 00271 | E33: HEDER OLIVEIRA SANTANA | F33: VA - 06 | G33: Automóvel | H33: ARGO | I33: FIAT | J33: 81889412 | K33: POSTO ZERO UM | L33: RIO VERDE | M33: GO | N33: ETANOL COMUM | O33: 335 | P33: 8.5 | Q33: Km/L | R33: 2791 | S33: 39.4 | T33: 4.099 | U33: 161.5 | V33: 1 | W33: Planejamento Operaci | X33: Planejamento Operaci | Y33: Operacional | AA33: =DATEVALUE(C33) -> 45792 | AB33: =MONTH(AA33) -> 5 | AC33: =YEAR(AA33) -> 2025 | AD33: =IFERROR(VLOOKUP(A33,'Aux Área'!$A$4:$B$123,2,0),"-") -> CONSERVA
A34: TFP3B22 | B34: 60645800105124210 | C34: 15/05/2025 08:54:34 | D34: 02769 | E34: ANDRE LUIS PAULINO | F34: VA - 05 | G34: Automóvel | H34: ARGO | I34: FIAT | J34: 46286315 | K34: POSTO CENTRAL | L34: BOM JESUS | M34: GO | N34: ETANOL COMUM | O34: 325 | P34: 9.67 | Q34: Km/L | R34: 3255 | S34: 33.62 | T34: 4.461 | U34: 149.98 | V34: 1 | W34: Planejamento Operaci | X34: Planejamento Operaci | Y34: Operacional | AA34: =DATEVALUE(C34) -> 45792 | AB34: =MONTH(AA34) -> 5 | AC34: =YEAR(AA34) -> 2025 | AD34: =IFERROR(VLOOKUP(A34,'Aux Área'!$A$4:$B$123,2,0),"-") -> CONSERVA
A35: TFS3C72 | B35: 60645800105124220 | C35: 15/05/2025 16:05:05 | D35: 00271 | E35: HEDER OLIVEIRA SANTANA | F35: VA - 06 | G35: Automóvel | H35: ARGO | I35: FIAT | J35: 75331003 | K35: SUPERVIA LAGOA | L35: RIO VERDE | M35: GO | N35: ETANOL COMUM | O35: 352 | P35: 8.59 | Q35: Km/L | R35: 3143 | S35: 40.96 | T35: 3.79 | U35: 155.24 | V35: 0 | W35: Planejamento Operaci | X35: Planejamento Operaci | Y35: Operacional | AA35: =DATEVALUE(C35) -> 45792 | AB35: =MONTH(AA35) -> 5 | AC35: =YEAR(AA35) -> 2025 | AD35: =IFERROR(VLOOKUP(A35,'Aux Área'!$A$4:$B$123,2,0),"-") -> CONSERVA
A36: TFP9I32 | B36: 60645800105124300 | C36: 15/05/2025 16:20:29 | D36: 33861 | E36: FERNANDO DOS REIS GONÇALVES | F36: VA - 13 | G36: Automóvel | H36: ARGO | I36: FIAT | J36: 69494411 | K36: REDE MARAJO RIO VERD | L36: RIO VERDE | M36: GO | N36: ETANOL COMUM | O36: 365 | P36: 8.9 | Q36: Km/L | R36: 1113 | S36: 41 | T36: 4.19 | U36: 171.79 | V36: 1 | W36: Planejamento Operaci | X36: Planejamento Operaci | Y36: Operacional | AA36: =DATEVALUE(C36) -> 45792 | AB36: =MONTH(AA36) -> 5 | AC36: =YEAR(AA36) -> 2025 | AD36: =IFERROR(VLOOKUP(A36,'Aux Área'!$A$4:$B$123,2,0),"-") -> CONSERVA
A37: TFP3B22 | B37: 60645800105124210 | C37: 16/05/2025 08:24:03 | D37: 02769 | E37: ANDRE LUIS PAULINO | F37: VA - 05 | G37: Automóvel | H37: ARGO | I37: FIAT | J37: 53030006 | K37: KR TREVO | L37: SANTA HELENA DE GOIAS | M37: GO | N37: ETANOL COMUM | O37: 383 | P37: 9.85 | Q37: Km/L | R37: 3638 | S37: 38.87 | T37: 4.29 | U37: 166.75 | V37: 1 | W37: Planejamento Operaci | X37: Planejamento Operaci | Y37: Operacional | AA37: =DATEVALUE(C37) -> 45793 | AB37: =MONTH(AA37) -> 5 | AC37: =YEAR(AA37) -> 2025 | AD37: =IFERROR(VLOOKUP(A37,'Aux Área'!$A$4:$B$123,2,0),"-") -> CONSERVA
A38: TFE6B22 | B38: 60645800105124258 | C38: 16/05/2025 08:53:50 | D38: 03608 | E38: WEIDER DA SILVA RODRIGUES | F38: VA - 09 | G38: Automóvel | H38: ARGO | I38: FIAT | J38: 64170105 | K38: POSTOS DUME | L38: APARECIDA DE GOIANIA | M38: GO | N38: ETANOL COMUM | O38: 444 | P38: 11.58 | Q38: Km/L | R38: 814 | S38: 38.35 | T38: 4.741 | U38: 181.81 | V38: 12 | W38: Planejamento Operaci | X38: Planejamento Operaci | Y38: Operacional | AA38: =DATEVALUE(C38) -> 45793 | AB38: =MONTH(AA38) -> 5 | AC38: =YEAR(AA38) -> 2025 | AD38: =IFERROR(VLOOKUP(A38,'Aux Área'!$A$4:$B$123,2,0),"-") -> ENGENHARIA
A39: TFX8A49 | B39: 60645800105124169 | C39: 16/05/2025 10:32:03 | D39: 70882 | E39: EDUARDO DE SOUSA PIMENTEL | F39: POOL - 01 | G39: Automóvel | H39: ARGO | I39: FIAT | J39: 26466212 | K39: AUTO POSTO GLOBAL AR | L39: GOIANIA | M39: GO | N39: ETANOL COMUM | O39: =P39*S39 -> 260.0307 | P39: =P155 -> 7.47 | Q39: Km/L | R39: 1325 | S39: 34.81 | T39: 4.84 | U39: 168.48 | V39: 160537867 | W39: Planejamento Operaci | X39: Planejamento Operaci | Y39: Operacional | AA39: =DATEVALUE(C39) -> 45793 | AB39: =MONTH(AA39) -> 5 | AC39: =YEAR(AA39) -> 2025 | AD39: =IFERROR(VLOOKUP(A39,'Aux Área'!$A$4:$B$123,2,0),"-") -> OPERAÇÃO
A40: TFS3C72 | B40: 60645800105124220 | C40: 16/05/2025 14:28:43 | D40: 00271 | E40: HEDER OLIVEIRA SANTANA | F40: VA - 06 | G40: Automóvel | H40: ARGO | I40: FIAT | J40: 45308900 | K40: POSTO LUPATINI | L40: SANTO ANTONIO DA BARRA | M40: GO | N40: ETANOL COMUM | O40: 268 | P40: 8.9 | Q40: Km/L | R40: 3411 | S40: 30.11 | T40: 4.39 | U40: 132.18 | V40: 0 | W40: Planejamento Operaci | X40: Planejamento Operaci | Y40: Operacional | AA40: =DATEVALUE(C40) -> 45793 | AB40: =MONTH(AA40) -> 5 | AC40: =YEAR(AA40) -> 2025 | AD40: =IFERROR(VLOOKUP(A40,'Aux Área'!$A$4:$B$123,2,0),"-") -> CONSERVA
A41: TFP3B22 | B41: 60645800105124210 | C41: 16/05/2025 17:18:02 | D41: 02769 | E41: ANDRE LUIS PAULINO | F41: VA - 05 | G41: Automóvel | H41: ARGO | I41: FIAT | J41: 92280303 | K41: AUTO POSTO PORTEIRAO | L41: PORTEIRAO | M41: GO | N41: ETANOL COMUM | O41: 259 | P41: 8.95 | Q41: Km/L | R41: 3897 | S41: 28.95 | T41: 4.401 | U41: 127.4 | V41: 0 | W41: Planejamento Operaci | X41: Planejamento Operaci | Y41: Operacional | AA41: =DATEVALUE(C41) -> 45793 | AB41: =MONTH(AA41) -> 5 | AC41: =YEAR(AA41) -> 2025 | AD41: =IFERROR(VLOOKUP(A41,'Aux Área'!$A$4:$B$123,2,0),"-") -> CONSERVA
A42: TFY6E09 | B42: 60645800105124193 | C42: 16/05/2025 18:05:13 | D42: 71805 | E42: MURILLO SOUZA BERNARDES | F42: VA - 04 | G42: Automóvel | H42: ARGO | I42: FIAT | J42: 01848013 | K42: POSTO XODO | L42: GOIANIA | M42: GO | N42: ETANOL COMUM | O42: 313 | P42: 10.11 | Q42: Km/L | R42: 1691 | S42: 30.96 | T42: 4.87 | U42: 150.78 | V42: 0 | W42: Planejamento Operaci | X42: Planejamento Operaci | Y42: Operacional | AA42: =DATEVALUE(C42) -> 45793 | AB42: =MONTH(AA42) -> 5 | AC42: =YEAR(AA42) -> 2025 | AD42: =IFERROR(VLOOKUP(A42,'Aux Área'!$A$4:$B$123,2,0),"-") -> ENGENHARIA
A43: TFY2H52 | B43: 60645800105124282 | C43: 16/05/2025 19:04:45 | D43: 49396 | E43: JOAO JOSE MULATINHO DE MEDEIROS CORREIA | F43: VA - 12 | G43: Automóvel | H43: ARGO | I43: FIAT | J43: 69465011 | K43: POSTO T 4 | L43: GOIANIA | M43: GO | N43: ETANOL COMUM | O43: 434 | P43: 11.37 | Q43: Km/L | R43: 1648 | S43: 38.17 | T43: 4.87 | U43: 185.89 | V43: 0 | W43: Planejamento Operaci | X43: Planejamento Operaci | Y43: Operacional | AA43: =DATEVALUE(C43) -> 45793 | AB43: =MONTH(AA43) -> 5 | AC43: =YEAR(AA43) -> 2025 | AD43: =IFERROR(VLOOKUP(A43,'Aux Área'!$A$4:$B$123,2,0),"-") -> QSMS
A44: TFP3B22 | B44: 60645800105124210 | C44: 17/05/2025 12:01:50 | D44: 02769 | E44: ANDRE LUIS PAULINO | F44: VA - 05 | G44: Automóvel | H44: ARGO | I44: FIAT | J44: 69497411 | K44: DECIO L5 | L44: RIO VERDE | M44: GO | N44: ETANOL COMUM | O44: 350 | P44: 9.16 | Q44: Km/L | R44: 4247 | S44: 38.2 | T44: 3.991 | U44: 152.44 | V44: 1 | W44: Planejamento Operaci | X44: Planejamento Operaci | Y44: Operacional | AA44: =DATEVALUE(C44) -> 45794 | AB44: =MONTH(AA44) -> 5 | AC44: =YEAR(AA44) -> 2025 | AD44: =IFERROR(VLOOKUP(A44,'Aux Área'!$A$4:$B$123,2,0),"-") -> CONSERVA
A45: TFP3B22 | B45: 60645800105124210 | C45: 19/05/2025 06:49:02 | D45: 02769 | E45: ANDRE LUIS PAULINO | F45: VA - 05 | G45: Automóvel | H45: ARGO | I45: FIAT | J45: 92250803 | K45: AUTO POSTO ESPLANADA | L45: GOIATUBA | M45: GO | N45: ETANOL COMUM | O45: 276 | P45: 9.03 | Q45: Km/L | R45: 4523 | S45: 30.56 | T45: 3.891 | U45: 118.91 | V45: 190524450 | W45: Planejamento Operaci | X45: Planejamento Operaci | Y45: Operacional | AA45: =DATEVALUE(C45) -> 45796 | AB45: =MONTH(AA45) -> 5 | AC45: =YEAR(AA45) -> 2025 | AD45: =IFERROR(VLOOKUP(A45,'Aux Área'!$A$4:$B$123,2,0),"-") -> CONSERVA
A46: TFR8B59 | B46: 60645800105124177 | C46: 19/05/2025 08:16:04 | D46: 00411 | E46: RICARDO DE PAULA | F46: VA - 02 | G46: Automóvel | H46: ARGO | I46: FIAT | J46: 92267803 | K46: POSTO XANDAO | L46: GOIANIA | M46: GO | N46: ETANOL COMUM | O46: =P46*S46 -> 270.1512 | P46: =P96 -> 7.58 | Q46: Km/L | R46: 2253 | S46: 35.64 | T46: 4.84 | U46: 172.5 | V46: 0 | W46: Planejamento Operaci | X46: Planejamento Operaci | Y46: Operacional | AA46: =DATEVALUE(C46) -> 45796 | AB46: =MONTH(AA46) -> 5 | AC46: =YEAR(AA46) -> 2025 | AD46: =IFERROR(VLOOKUP(A46,'Aux Área'!$A$4:$B$123,2,0),"-") -> TI
A47: TFX7J72 | B47: 60645800105124339 | C47: 19/05/2025 10:11:44 | D47: 03126 | E47: PEDRO PAULO SILVA SANTOS | F47: VA - 08 | G47: Automóvel | H47: ARGO | I47: FIAT | J47: 81889412 | K47: POSTO ZERO UM | L47: RIO VERDE | M47: GO | N47: ETANOL COMUM | O47: 168 | P47: 5.54 | Q47: Km/L | R47: 3055 | S47: 30.3 | T47: 4.092 | U47: 124 | V47: 1 | W47: Planejamento Operaci | X47: Planejamento Operaci | Y47: Operacional | AA47: =DATEVALUE(C47) -> 45796 | AB47: =MONTH(AA47) -> 5 | AC47: =YEAR(AA47) -> 2025 | AD47: =IFERROR(VLOOKUP(A47,'Aux Área'!$A$4:$B$123,2,0),"-") -> CONSERVA
A48: TFS3C72 | B48: 60645800105124220 | C48: 19/05/2025 12:03:48 | D48: 00271 | E48: HEDER OLIVEIRA SANTANA | F48: VA - 06 | G48: Automóvel | H48: ARGO | I48: FIAT | J48: 36645906 | K48: AUTO POSTO ESTRELA DO SUL III | L48: ACREUNA | M48: GO | N48: ETANOL COMUM | O48: 286 | P48: 7.39 | Q48: Km/L | R48: 3697 | S48: 38.69 | T48: 4.591 | U48: 177.61 | V48: 0 | W48: Planejamento Operaci | X48: Planejamento Operaci | Y48: Operacional | AA48: =DATEVALUE(C48) -> 45796 | AB48: =MONTH(AA48) -> 5 | AC48: =YEAR(AA48) -> 2025 | AD48: =IFERROR(VLOOKUP(A48,'Aux Área'!$A$4:$B$123,2,0),"-") -> CONSERVA
A49: TFP3B22 | B49: 60645800105124210 | C49: 19/05/2025 17:25:33 | D49: 02769 | E49: ANDRE LUIS PAULINO | F49: VA - 05 | G49: Automóvel | H49: ARGO | I49: FIAT | J49: 13342911 | K49: SANTA HELENA DE GOIAS | L49: SANTA HELENA DE GOIAS | M49: GO | N49: ETANOL COMUM | O49: 278 | P49: 7.75 | Q49: Km/L | R49: 4801 | S49: 35.86 | T49: 4.29 | U49: 153.84 | V49: 1 | W49: Planejamento Operaci | X49: Planejamento Operaci | Y49: Operacional | AA49: =DATEVALUE(C49) -> 45796 | AB49: =MONTH(AA49) -> 5 | AC49: =YEAR(AA49) -> 2025 | AD49: =IFERROR(VLOOKUP(A49,'Aux Área'!$A$4:$B$123,2,0),"-") -> CONSERVA
A50: TFX7J72 | B50: 60645800105124339 | C50: 20/05/2025 07:59:52 | D50: 03126 | E50: PEDRO PAULO SILVA SANTOS | F50: VA - 08 | G50: Automóvel | H50: ARGO | I50: FIAT | J50: 81889412 | K50: POSTO ZERO UM | L50: RIO VERDE | M50: GO | N50: ETANOL COMUM | O50: 292 | P50: 8.69 | Q50: Km/L | R50: 3347 | S50: 33.59 | T50: 4.091 | U50: 137.41 | V50: 1 | W50: Planejamento Operaci | X50: Planejamento Operaci | Y50: Operacional | AA50: =DATEVALUE(C50) -> 45797 | AB50: =MONTH(AA50) -> 5 | AC50: =YEAR(AA50) -> 2025 | AD50: =IFERROR(VLOOKUP(A50,'Aux Área'!$A$4:$B$123,2,0),"-") -> CONSERVA
A51: TFP3B22 | B51: 60645800105124210 | C51: 20/05/2025 08:41:46 | D51: 02769 | E51: ANDRE LUIS PAULINO | F51: VA - 05 | G51: Automóvel | H51: ARGO | I51: FIAT | J51: 81889412 | K51: POSTO ZERO UM | L51: RIO VERDE | M51: GO | N51: ETANOL COMUM | O51: 354 | P51: 10.83 | Q51: Km/L | R51: 5155 | S51: 32.68 | T51: 4.09 | U51: 133.66 | V51: 1 | W51: Planejamento Operaci | X51: Planejamento Operaci | Y51: Operacional | AA51: =DATEVALUE(C51) -> 45797 | AB51: =MONTH(AA51) -> 5 | AC51: =YEAR(AA51) -> 2025 | AD51: =IFERROR(VLOOKUP(A51,'Aux Área'!$A$4:$B$123,2,0),"-") -> CONSERVA
A52: TFD2J89 | B52: 60645800105124201 | C52: 20/05/2025 08:48:38 | D52: 07373 | E52: RAFAEL SILVEIRA E SILVEIRA | F52: POOL - 02 | G52: Automóvel | H52: ARGO | I52: FIAT | J52: 92267803 | K52: POSTO XANDAO | L52: GOIANIA | M52: GO | N52: ETANOL COMUM | O52: =P52*S52 -> 263.606 | P52: =P92 -> 6.65 | Q52: Km/L | R52: 1256 | S52: 39.64 | T52: 4.84 | U52: 191.86 | V52: 7373 | W52: Planejamento Operaci | X52: Planejamento Operaci | Y52: Operacional | AA52: =DATEVALUE(C52) -> 45797 | AB52: =MONTH(AA52) -> 5 | AC52: =YEAR(AA52) -> 2025 | AD52: =IFERROR(VLOOKUP(A52,'Aux Área'!$A$4:$B$123,2,0),"-") -> OPERAÇÃO
A53: TFY3C02 | B53: 60645800105124266 | C53: 20/05/2025 10:18:03 | D53: 37473 | E53: OTHON SIQUEIRA DE ALMEIDA | F53: VA - 10 | G53: Automóvel | H53: ARGO | I53: FIAT | J53: 07685404 | K53: POSTO ALVORADA | L53: GOIATUBA | M53: GO | N53: ETANOL COMUM | O53: 320 | P53: 9.37 | Q53: Km/L | R53: 2322 | S53: 34.15 | T53: 4.59 | U53: 156.75 | V53: 0 | W53: Planejamento Operaci | X53: Planejamento Operaci | Y53: Operacional | AA53: =DATEVALUE(C53) -> 45797 | AB53: =MONTH(AA53) -> 5 | AC53: =YEAR(AA53) -> 2025 | AD53: =IFERROR(VLOOKUP(A53,'Aux Área'!$A$4:$B$123,2,0),"-") -> OPERAÇÃO
A54: TFS3C72 | B54: 60645800105124220 | C54: 20/05/2025 12:31:59 | D54: 00271 | E54: HEDER OLIVEIRA SANTANA | F54: VA - 06 | G54: Automóvel | H54: ARGO | I54: FIAT | J54: 41826312 | K54: AUTO POSTO JACARE | L54: ACREUNA | M54: GO | N54: ETANOL COMUM | O54: 348 | P54: 8.93 | Q54: Km/L | R54: 4045 | S54: 38.96 | T54: 4.25 | U54: 165.58 | V54: 200544983 | W54: Planejamento Operaci | X54: Planejamento Operaci | Y54: Operacional | AA54: =DATEVALUE(C54) -> 45797 | AB54: =MONTH(AA54) -> 5 | AC54: =YEAR(AA54) -> 2025 | AD54: =IFERROR(VLOOKUP(A54,'Aux Área'!$A$4:$B$123,2,0),"-") -> CONSERVA
A55: TFS3C72 | B55: 60645800105124220 | C55: 20/05/2025 16:07:37 | D55: 00271 | E55: HEDER OLIVEIRA SANTANA | F55: VA - 06 | G55: Automóvel | H55: ARGO | I55: FIAT | J55: 45308900 | K55: POSTO LUPATINI | L55: SANTO ANTONIO DA BARRA | M55: GO | N55: ETANOL COMUM | O55: 295 | P55: 8.38 | Q55: Km/L | R55: 4340 | S55: 35.22 | T55: 4.09 | U55: 144.05 | V55: 0 | W55: Planejamento Operaci | X55: Planejamento Operaci | Y55: Operacional | AA55: =DATEVALUE(C55) -> 45797 | AB55: =MONTH(AA55) -> 5 | AC55: =YEAR(AA55) -> 2025 | AD55: =IFERROR(VLOOKUP(A55,'Aux Área'!$A$4:$B$123,2,0),"-") -> CONSERVA
A56: TFP3B22 | B56: 60645800105124210 | C56: 20/05/2025 16:08:12 | D56: 02769 | E56: ANDRE LUIS PAULINO | F56: VA - 05 | G56: Automóvel | H56: ARGO | I56: FIAT | J56: 46286315 | K56: POSTO CENTRAL | L56: BOM JESUS | M56: GO | N56: ETANOL COMUM | O56: 264 | P56: 9.45 | Q56: Km/L | R56: 5419 | S56: 27.94 | T56: 4.46 | U56: 124.62 | V56: 0 | W56: Planejamento Operaci | X56: Planejamento Operaci | Y56: Operacional | AA56: =DATEVALUE(C56) -> 45797 | AB56: =MONTH(AA56) -> 5 | AC56: =YEAR(AA56) -> 2025 | AD56: =IFERROR(VLOOKUP(A56,'Aux Área'!$A$4:$B$123,2,0),"-") -> CONSERVA
A57: TFY3C02 | B57: 60645800105124266 | C57: 20/05/2025 18:26:24 | D57: 37473 | E57: OTHON SIQUEIRA DE ALMEIDA | F57: VA - 10 | G57: Automóvel | H57: ARGO | I57: FIAT | J57: 87183400 | K57: MARAJO GUAPO | L57: GUAPO | M57: GO | N57: ETANOL COMUM | O57: 424 | P57: 10.59 | Q57: Km/L | R57: 2746 | S57: 40.04 | T57: 4.39 | U57: 175.78 | V57: 0 | W57: Planejamento Operaci | X57: Planejamento Operaci | Y57: Operacional | AA57: =DATEVALUE(C57) -> 45797 | AB57: =MONTH(AA57) -> 5 | AC57: =YEAR(AA57) -> 2025 | AD57: =IFERROR(VLOOKUP(A57,'Aux Área'!$A$4:$B$123,2,0),"-") -> OPERAÇÃO
A58: TFX7J72 | B58: 60645800105124339 | C58: 21/05/2025 07:52:13 | D58: 03126 | E58: PEDRO PAULO SILVA SANTOS | F58: VA - 08 | G58: Automóvel | H58: ARGO | I58: FIAT | J58: 81889412 | K58: POSTO ZERO UM | L58: RIO VERDE | M58: GO | N58: ETANOL COMUM | O58: 313 | P58: 8.67 | Q58: Km/L | R58: 3660 | S58: 36.09 | T58: 4.09 | U58: 147.6 | V58: 1 | W58: Planejamento Operaci | X58: Planejamento Operaci | Y58: Operacional | AA58: =DATEVALUE(C58) -> 45798 | AB58: =MONTH(AA58) -> 5 | AC58: =YEAR(AA58) -> 2025 | AD58: =IFERROR(VLOOKUP(A58,'Aux Área'!$A$4:$B$123,2,0),"-") -> CONSERVA
A59: TFS3C72 | B59: 60645800105124220 | C59: 21/05/2025 11:06:39 | D59: 00271 | E59: HEDER OLIVEIRA SANTANA | F59: VA - 06 | G59: Automóvel | H59: ARGO | I59: FIAT | J59: 53081700 | K59: POSTO Z Z SANTA MA | L59: GUAPO | M59: GO | N59: ETANOL COMUM | O59: 292 | P59: 7.83 | Q59: Km/L | R59: 4632 | S59: 37.27 | T59: 4.389 | U59: 163.59 | V59: 0 | W59: Planejamento Operaci | X59: Planejamento Operaci | Y59: Operacional | AA59: =DATEVALUE(C59) -> 45798 | AB59: =MONTH(AA59) -> 5 | AC59: =YEAR(AA59) -> 2025 | AD59: =IFERROR(VLOOKUP(A59,'Aux Área'!$A$4:$B$123,2,0),"-") -> CONSERVA
A60: TFP9I32 | B60: 60645800105143819 | C60: 21/05/2025 12:05:08 | D60: 33861 | E60: FERNANDO DOS REIS GONÇALVES | F60: VA - 13 | G60: Automóvel | H60: ARGO | I60: FIAT | J60: 53081700 | K60: POSTO Z Z SANTA MA | L60: GUAPO | M60: GO | N60: ETANOL COMUM | O60: 377 | P60: 9.61 | Q60: Km/L | R60: 1490 | S60: 39.21 | T60: 4.389 | U60: 172.11 | V60: 0 | W60: Planejamento Operaci | X60: Planejamento Operaci | Y60: Operacional | AA60: =DATEVALUE(C60) -> 45798 | AB60: =MONTH(AA60) -> 5 | AC60: =YEAR(AA60) -> 2025 | AD60: =IFERROR(VLOOKUP(A60,'Aux Área'!$A$4:$B$123,2,0),"-") -> CONSERVA
A61: TFX7J72 | B61: 60645800105124339 | C61: 21/05/2025 16:14:11 | D61: 03126 | E61: PEDRO PAULO SILVA SANTOS | F61: VA - 08 | G61: Automóvel | H61: ARGO | I61: FIAT | J61: 81889412 | K61: POSTO ZERO UM | L61: RIO VERDE | M61: GO | N61: ETANOL COMUM | O61: 356 | P61: 8.94 | Q61: Km/L | R61: 4016 | S61: 39.82 | T61: 4.089 | U61: 162.82 | V61: 2 | W61: Planejamento Operaci | X61: Planejamento Operaci | Y61: Operacional | AA61: =DATEVALUE(C61) -> 45798 | AB61: =MONTH(AA61) -> 5 | AC61: =YEAR(AA61) -> 2025 | AD61: =IFERROR(VLOOKUP(A61,'Aux Área'!$A$4:$B$123,2,0),"-") -> CONSERVA
A62: TFP3B22 | B62: 60645800105124210 | C62: 21/05/2025 18:21:06 | D62: 02769 | E62: ANDRE LUIS PAULINO | F62: VA - 05 | G62: Automóvel | H62: ARGO | I62: FIAT | J62: 64191102 | K62: AUTO POSTO PIRETT | L62: GOIATUBA | M62: GO | N62: ETANOL COMUM | O62: 306 | P62: 7.94 | Q62: Km/L | R62: 5725 | S62: 38.54 | T62: 4.491 | U62: 173.07 | V62: 1 | W62: Planejamento Operaci | X62: Planejamento Operaci | Y62: Operacional | AA62: =DATEVALUE(C62) -> 45798 | AB62: =MONTH(AA62) -> 5 | AC62: =YEAR(AA62) -> 2025 | AD62: =IFERROR(VLOOKUP(A62,'Aux Área'!$A$4:$B$123,2,0),"-") -> CONSERVA
A63: TFS3C72 | B63: 60645800105143738 | C63: 22/05/2025 10:08:24 | D63: 00271 | E63: HEDER OLIVEIRA SANTANA | F63: VA - 06 | G63: Automóvel | H63: ARGO | I63: FIAT | J63: 24906505 | K63: AUTO POSTO BOM RETIR | L63: RIO VERDE | M63: GO | N63: ETANOL COMUM | O63: 262 | P63: 7.32 | Q63: Km/L | R63: 4894 | S63: 35.79 | T63: 4.241 | U63: 151.78 | V63: 220536 | W63: Planejamento Operaci | X63: Planejamento Operaci | Y63: Operacional | AA63: =DATEVALUE(C63) -> 45799 | AB63: =MONTH(AA63) -> 5 | AC63: =YEAR(AA63) -> 2025 | AD63: =IFERROR(VLOOKUP(A63,'Aux Área'!$A$4:$B$123,2,0),"-") -> CONSERVA
A64: TGF2J32 | B64: 60645800105143827 | C64: 22/05/2025 13:03:15 | D64: 29136 | E64: CLEITON INACIO DE MOURA | F64: VA - 14 | G64: Automóvel | H64: ARGO | I64: FIAT | J64: 31860311 | K64: POSTO CAPIM DOURADO | L64: GOIANIA | M64: GO | N64: ETANOL COMUM | O64: 360 | P64: 9.62 | Q64: Km/L | R64: 1052 | S64: 37.43 | T64: 4.79 | U64: 179.29 | V64: 201796 | W64: Planejamento Operaci | X64: Planejamento Operaci | Y64: Operacional | AA64: =DATEVALUE(C64) -> 45799 | AB64: =MONTH(AA64) -> 5 | AC64: =YEAR(AA64) -> 2025 | AD64: =IFERROR(VLOOKUP(A64,'Aux Área'!$A$4:$B$123,2,0),"-") -> TI
... A75: TFP3B22 | B75: 60645800105143720 | C75: 26/05/2025 07:18:20 | D75: 02769 | E75: ANDRE LUIS PAULINO | F75: VA - 05 | G75: Automóvel | H75: ARGO | I75: FIAT | J75: 64191102 | K75: AUTO POSTO PIRETT | L75: GOIATUBA | M75: GO | N75: ETANOL COMUM | O75: 268 | P75: 8.45 | Q75: Km/L | R75: 6380 | S75: 31.7 | T75: 4.49 | U75: 142.33 | V75: 0 | W75: Planejamento Operaci | X75: Planejamento Operaci | Y75: Operacional | AA75: =DATEVALUE(C75) -> 45803 | AB75: =MONTH(AA75) -> 5 | AC75: =YEAR(AA75) -> 2025 | AD75: =IFERROR(VLOOKUP(A75,'Aux Área'!$A$4:$B$123,2,0),"-") -> CONSERVA
A76: TFX7J72 | C76: 26/05/2025 08:52:00 | D76: 03126 | E76: PEDRO PAULO SILVA SANTOS | F76: VA - 08 | G76: Automóvel | H76: ARGO | I76: FIAT | J76: Manual | K76: TRANSAÇÃO DE AJUSTE | L76: TRANSAÇÃO DE AJUSTE | M76: TRANSAÇÃO DE AJUSTE | N76: ETANOL COMUM | O76: 334 | P76: 7.99 | Q76: Km/L | R76: 4856 | S76: 41.79 | T76: 4.59 | U76: 191.82 | W76: Planejamento Operaci | X76: Planejamento Operaci | Y76: Operacional | AA76: =DATEVALUE(C76) -> 45803 | AB76: =MONTH(AA76) -> 5 | AC76: =YEAR(AA76) -> 2025 | AD76: =IFERROR(VLOOKUP(A76,'Aux Área'!$A$4:$B$123,2,0),"-") -> CONSERVA
A77: TFY2H52 | B77: 60645800105143790 | C77: 26/05/2025 08:54:43 | D77: 49396 | E77: JOAO JOSE MULATINHO DE MEDEIROS CORREIA | F77: VA - 12 | G77: Automóvel | H77: ARGO | I77: FIAT | J77: 92267803 | K77: POSTO XANDAO | L77: GOIANIA | M77: GO | N77: ETANOL COMUM | O77: 381 | P77: 9.59 | Q77: Km/L | R77: 2207 | S77: 39.71 | T77: 4.49 | U77: 178.3 | V77: 0 | W77: Planejamento Operaci | X77: Planejamento Operaci | Y77: Operacional | AA77: =DATEVALUE(C77) -> 45803 | AB77: =MONTH(AA77) -> 5 | AC77: =YEAR(AA77) -> 2025 | AD77: =IFERROR(VLOOKUP(A77,'Aux Área'!$A$4:$B$123,2,0),"-") -> QSMS
A78: TFP3B22 | B78: 60645800105143720 | C78: 26/05/2025 13:36:03 | D78: 02769 | E78: ANDRE LUIS PAULINO | F78: VA - 05 | G78: Automóvel | H78: ARGO | I78: FIAT | J78: 26406711 | K78: POSTO ZANDONADI | L78: GUAPO | M78: GO | N78: ETANOL ADITIVADO | O78: 378 | P78: 9.34 | Q78: Km/L | R78: 6758 | S78: 40.48 | T78: 4.69 | U78: 189.85 | V78: 1 | W78: Planejamento Operaci | X78: Planejamento Operaci | Y78: Operacional | AA78: =DATEVALUE(C78) -> 45803 | AB78: =MONTH(AA78) -> 5 | AC78: =YEAR(AA78) -> 2025 | AD78: =IFERROR(VLOOKUP(A78,'Aux Área'!$A$4:$B$123,2,0),"-") -> CONSERVA
A79: TFS3C72 | B79: 60645800105143738 | C79: 26/05/2025 16:47:49 | D79: 00271 | E79: HEDER OLIVEIRA SANTANA | F79: VA - 06 | G79: Automóvel | H79: ARGO | I79: FIAT | J79: 41875311 | K79: POSTO SABOR DA TERRA | L79: INDIARA | M79: GO | N79: ETANOL COMUM | O79: 321 | P79: 8.17 | Q79: Km/L | R79: 5793 | S79: 39.27 | T79: 4.34 | U79: 170.43 | V79: 260560417 | W79: Planejamento Operaci | X79: Planejamento Operaci | Y79: Operacional | AA79: =DATEVALUE(C79) -> 45803 | AB79: =MONTH(AA79) -> 5 | AC79: =YEAR(AA79) -> 2025 | AD79: =IFERROR(VLOOKUP(A79,'Aux Área'!$A$4:$B$123,2,0),"-") -> CONSERVA
A80: TGL4J09 | B80: 60645800105143360 | C80: 26/05/2025 19:13:26 | D80: 40379 | E80: JESTER LUCAS GOUVEIA SANTOS | F80: VA - 01 | G80: Automóvel | H80: ARGO | I80: FIAT | J80: 88813408 | K80: POSTO ITALIA | L80: SENADOR CANEDO | M80: GO | N80: ETANOL COMUM | O80: 402 | P80: 10.17 | Q80: Km/L | R80: 3731 | S80: 39.53 | T80: 4.79 | U80: 189.33 | V80: 3263 | W80: Planejamento Operaci | X80: Planejamento Operaci | Y80: Operacional | AA80: =DATEVALUE(C80) -> 45803 | AB80: =MONTH(AA80) -> 5 | AC80: =YEAR(AA80) -> 2025 | AD80: =IFERROR(VLOOKUP(A80,'Aux Área'!$A$4:$B$123,2,0),"-") -> ENGENHARIA
A81: TFP9I32 | B81: 60645800105143819 | C81: 26/05/2025 21:36:42 | D81: 33861 | E81: FERNANDO DOS REIS GONÇALVES | F81: VA - 13 | G81: Automóvel | H81: ARGO | I81: FIAT | J81: 31803903 | K81: BOM SUCESSO AUTO POSTO 24 HS | L81: GOIANIA | M81: GO | N81: ETANOL COMUM | O81: 396 | P81: 9.92 | Q81: Km/L | R81: 2625 | S81: 39.91 | T81: 5.14 | U81: 205.14 | V81: 886513 | W81: Planejamento Operaci | X81: Planejamento Operaci | Y81: Operacional | AA81: =DATEVALUE(C81) -> 45803 | AB81: =MONTH(AA81) -> 5 | AC81: =YEAR(AA81) -> 2025 | AD81: =IFERROR(VLOOKUP(A81,'Aux Área'!$A$4:$B$123,2,0),"-") -> CONSERVA
A82: TFP3B22 | B82: 60645800105143720 | C82: 27/05/2025 07:24:42 | D82: 02769 | E82: ANDRE LUIS PAULINO | F82: VA - 05 | G82: Automóvel | H82: ARGO | I82: FIAT | J82: 64191102 | K82: AUTO POSTO PIRETT | L82: GOIATUBA | M82: GO | N82: ETANOL COMUM | O82: 319 | P82: 9.62 | Q82: Km/L | R82: 7077 | S82: 33.17 | T82: 4.49 | U82: 148.93 | V82: 0 | W82: Planejamento Operaci | X82: Planejamento Operaci | Y82: Operacional | AA82: =DATEVALUE(C82) -> 45804 | AB82: =MONTH(AA82) -> 5 | AC82: =YEAR(AA82) -> 2025 | AD82: =IFERROR(VLOOKUP(A82,'Aux Área'!$A$4:$B$123,2,0),"-") -> CONSERVA
A83: TFF5D72 | B83: 60645800105143780 | C83: 27/05/2025 07:34:05 | D83: 26270 | E83: CRISTIANO TORRES WARDIL | F83: VA - 11 | G83: Automóvel | H83: ARGO | I83: FIAT | J83: 92267803 | K83: POSTO XANDAO | L83: GOIANIA | M83: GO | N83: ETANOL COMUM | O83: 232 | P83: 5.99 | Q83: Km/L | R83: 416 | S83: 38.75 | T83: 4.49 | U83: 173.99 | V83: 0 | W83: Planejamento Operaci | X83: Planejamento Operaci | Y83: Operacional | AA83: =DATEVALUE(C83) -> 45804 | AB83: =MONTH(AA83) -> 5 | AC83: =YEAR(AA83) -> 2025 | AD83: =IFERROR(VLOOKUP(A83,'Aux Área'!$A$4:$B$123,2,0),"-") -> OPERAÇÃO
A84: TFE6B22 | B84: 60645800105124258 | C84: 27/05/2025 09:33:13 | D84: 03608 | E84: WEIDER DA SILVA RODRIGUES | F84: VA - 09 | G84: Automóvel | H84: ARGO | I84: FIAT | J84: 21987505 | K84: AUTO POSTO AVENIDA P | L84: CEZARINA | M84: GO | N84: ETANOL COMUM | O84: 315 | P84: 8.94 | Q84: Km/L | R84: 1927 | S84: 35.23 | T84: 4.351 | U84: 153.29 | V84: 270534326 | W84: Planejamento Operaci | X84: Planejamento Operaci | Y84: Operacional | AA84: =DATEVALUE(C84) -> 45804 | AB84: =MONTH(AA84) -> 5 | AC84: =YEAR(AA84) -> 2025 | AD84: =IFERROR(VLOOKUP(A84,'Aux Área'!$A$4:$B$123,2,0),"-") -> ENGENHARIA
A85: TFS3C72 | B85: 60645800105143738 | C85: 27/05/2025 12:26:53 | D85: 00271 | E85: HEDER OLIVEIRA SANTANA | F85: VA - 06 | G85: Automóvel | H85: ARGO | I85: FIAT | J85: 69459415 | K85: PADDOCK CEZARINA | L85: CEZARINA | M85: GO | N85: ETANOL COMUM | O85: 316 | P85: 8.35 | Q85: Km/L | R85: 6109 | S85: 37.83 | T85: 4.39 | U85: 166.07 | V85: 276530 | W85: Planejamento Operaci | X85: Planejamento Operaci | Y85: Operacional | AA85: =DATEVALUE(C85) -> 45804 | AB85: =MONTH(AA85) -> 5 | AC85: =YEAR(AA85) -> 2025 | AD85: =IFERROR(VLOOKUP(A85,'Aux Área'!$A$4:$B$123,2,0),"-") -> CONSERVA
A86: TFP3B22 | B86: 60645800105143720 | C86: 27/05/2025 16:49:51 | D86: 02769 | E86: ANDRE LUIS PAULINO | F86: VA - 05 | G86: Automóvel | H86: ARGO | I86: FIAT | J86: 45306411 | K86: POSTO KR 05 | L86: SANTA HELENA DE GOIAS | M86: GO | N86: ETANOL COMUM | O86: 272 | P86: 8.92 | Q86: Km/L | R86: 7349 | S86: 30.51 | T86: 4.19 | U86: 127.83 | V86: 1 | W86: Planejamento Operaci | X86: Planejamento Operaci | Y86: Operacional | AA86: =DATEVALUE(C86) -> 45804 | AB86: =MONTH(AA86) -> 5 | AC86: =YEAR(AA86) -> 2025 | AD86: =IFERROR(VLOOKUP(A86,'Aux Área'!$A$4:$B$123,2,0),"-") -> CONSERVA
A87: TFS3C72 | B87: 60645800105143738 | C87: 28/05/2025 09:20:35 | D87: 00271 | E87: HEDER OLIVEIRA SANTANA | F87: VA - 06 | G87: Automóvel | H87: ARGO | I87: FIAT | J87: 41826312 | K87: AUTO POSTO JACARE | L87: ACREUNA | M87: GO | N87: ETANOL COMUM | O87: 305 | P87: 7.72 | Q87: Km/L | R87: 6414 | S87: 39.49 | T87: 4.251 | U87: 167.86 | V87: 280533473 | W87: Planejamento Operaci | X87: Planejamento Operaci | Y87: Operacional | AA87: =DATEVALUE(C87) -> 45805 | AB87: =MONTH(AA87) -> 5 | AC87: =YEAR(AA87) -> 2025 | AD87: =IFERROR(VLOOKUP(A87,'Aux Área'!$A$4:$B$123,2,0),"-") -> CONSERVA
A88: TFP3B22 | B88: 60645800105143720 | C88: 28/05/2025 09:38:59 | D88: 02769 | E88: ANDRE LUIS PAULINO | F88: VA - 05 | G88: Automóvel | H88: ARGO | I88: FIAT | J88: 81889412 | K88: POSTO ZERO UM | L88: RIO VERDE | M88: GO | N88: ETANOL COMUM | O88: 353 | P88: 11.39 | Q88: Km/L | R88: 7702 | S88: 31 | T88: 3.99 | U88: 123.69 | V88: 2 | W88: Planejamento Operaci | X88: Planejamento Operaci | Y88: Operacional | AA88: =DATEVALUE(C88) -> 45805 | AB88: =MONTH(AA88) -> 5 | AC88: =YEAR(AA88) -> 2025 | AD88: =IFERROR(VLOOKUP(A88,'Aux Área'!$A$4:$B$123,2,0),"-") -> CONSERVA
... A108: TFR8B59 | B108: 60645800105143681 | C108: 31/05/2025 16:36:38 | D108: 92635 | E108: ADENILDO BARBOSA DUTRA | F108: VA - 02 | G108: Automóvel | H108: ARGO | I108: FIAT | J108: 07660207 | K108: MARAJO APARECIDA DE GOIANIA | L108: APARECIDA DE GOIANIA | M108: GO | N108: ETANOL COMUM | O108: 359 | P108: 9.2 | Q108: Km/L | R108: 3213 | S108: 39.01 | T108: 4.39 | U108: 171.25 | V108: 1 | W108: Planejamento Operaci | X108: Planejamento Operaci | Y108: Operacional | AA108: =DATEVALUE(C108) -> 45808 | AB108: =MONTH(AA108) -> 5 | AC108: =YEAR(AA108) -> 2025 | AD108: =IFERROR(VLOOKUP(A108,'Aux Área'!$A$4:$B$123,2,0),"-") -> TI
A109: TFP9I32 | C109: 01/06/2025 09:54:00 | D109: 33861 | E109: FERNANDO DOS REIS GONÇALVES | F109: VA - 13 | G109: Automóvel | H109: ARGO | I109: FIAT | J109: Manual | K109: TRANSAÇÃO DE AJUSTE | L109: TRANSAÇÃO DE AJUSTE | M109: TRANSAÇÃO DE AJUSTE | N109: ETANOL COMUM | O109: 309 | P109: 12.89 | Q109: Km/L | R109: 3647 | S109: 23.98 | T109: 4.09 | U109: 98.08 | W109: Planejamento Operaci | X109: Planejamento Operaci | Y109: Operacional | AA109: =DATEVALUE(C109) -> 45809 | AB109: =MONTH(AA109) -> 6 | AC109: =YEAR(AA109) -> 2025 | AD109: =IFERROR(VLOOKUP(A109,'Aux Área'!$A$4:$B$123,2,0),"-") -> CONSERVA
A110: TFP9I32 | C110: 02/06/2025 09:00:00 | D110: 33861 | E110: FERNANDO DOS REIS GONÇALVES | F110: VA - 13 | G110: Automóvel | H110: ARGO | I110: FIAT | J110: Manual | K110: TRANSAÇÃO DE AJUSTE | L110: TRANSAÇÃO DE AJUSTE | M110: TRANSAÇÃO DE AJUSTE | N110: ETANOL COMUM | O110: 498 | P110: 12.16 | Q110: Km/L | R110: 4145 | S110: 40.94 | T110: 4.19 | U110: 171.54 | W110: Planejamento Operaci | X110: Planejamento Operaci | Y110: Operacional | AA110: =DATEVALUE(C110) -> 45810 | AB110: =MONTH(AA110) -> 6 | AC110: =YEAR(AA110) -> 2025 | AD110: =IFERROR(VLOOKUP(A110,'Aux Área'!$A$4:$B$123,2,0),"-") -> CONSERVA
A111: TFP3B22 | B111: 60645800105143720 | C111: 02/06/2025 09:48:34 | D111: 02769 | E111: ANDRE LUIS PAULINO | F111: VA - 05 | G111: Automóvel | H111: ARGO | I111: FIAT | J111: 81889412 | K111: POSTO ZERO UM | L111: RIO VERDE | M111: GO | N111: ETANOL COMUM | O111: 345 | P111: 8.96 | Q111: Km/L | R111: 9083 | S111: 38.51 | T111: 3.99 | U111: 153.65 | V111: 1 | W111: Planejamento Operaci | X111: Planejamento Operaci | Y111: Operacional | AA111: =DATEVALUE(C111) -> 45810 | AB111: =MONTH(AA111) -> 6 | AC111: =YEAR(AA111) -> 2025 | AD111: =IFERROR(VLOOKUP(A111,'Aux Área'!$A$4:$B$123,2,0),"-") -> CONSERVA
A112: TFE6B22 | B112: 60645800105143762 | C112: 02/06/2025 10:51:20 | D112: 03608 | E112: WEIDER DA SILVA RODRIGUES | F112: VA - 09 | G112: Automóvel | H112: ARGO | I112: FIAT | J112: 53081700 | K112: POSTO Z Z SANTA MA | L112: GUAPO | M112: GO | N112: ETANOL COMUM | O112: 355 | P112: 9.88 | Q112: Km/L | R112: 2649 | S112: 35.93 | T112: 4.26 | U112: 153.07 | V112: 0 | W112: Planejamento Operaci | X112: Planejamento Operaci | Y112: Operacional | AA112: =DATEVALUE(C112) -> 45810 | AB112: =MONTH(AA112) -> 6 | AC112: =YEAR(AA112) -> 2025 | AD112: =IFERROR(VLOOKUP(A112,'Aux Área'!$A$4:$B$123,2,0),"-") -> ENGENHARIA
A113: TFS3C72 | B113: 60645800105143738 | C113: 02/06/2025 14:59:15 | D113: 00271 | E113: HEDER OLIVEIRA SANTANA | F113: VA - 06 | G113: Automóvel | H113: ARGO | I113: FIAT | J113: 69459415 | K113: PADDOCK CEZARINA | L113: CEZARINA | M113: GO | N113: ETANOL COMUM | O113: 306 | P113: 7.89 | Q113: Km/L | R113: 7941 | S113: 38.8 | T113: 4.39 | U113: 170.33 | V113: 281241 | W113: Planejamento Operaci | X113: Planejamento Operaci | Y113: Operacional | AA113: =DATEVALUE(C113) -> 45810 | AB113: =MONTH(AA113) -> 6 | AC113: =YEAR(AA113) -> 2025 | AD113: =IFERROR(VLOOKUP(A113,'Aux Área'!$A$4:$B$123,2,0),"-") -> CONSERVA
A114: TFP3B22 | B114: 60645800105143720 | C114: 03/06/2025 07:51:50 | D114: 02769 | E114: ANDRE LUIS PAULINO | F114: VA - 05 | G114: Automóvel | H114: ARGO | I114: FIAT | J114: 92280303 | K114: AUTO POSTO PORTEIRAO | L114: PORTEIRAO | M114: GO | N114: ETANOL COMUM | O114: 350 | P114: 10.32 | Q114: Km/L | R114: 9433 | S114: 33.91 | T114: 4.4 | U114: 149.2 | V114: 0 | W114: Planejamento Operaci | X114: Planejamento Operaci | Y114: Operacional | AA114: =DATEVALUE(C114) -> 45811 | AB114: =MONTH(AA114) -> 6 | AC114: =YEAR(AA114) -> 2025 | AD114: =IFERROR(VLOOKUP(A114,'Aux Área'!$A$4:$B$123,2,0),"-") -> CONSERVA
A115: TFX7J72 | B115: 60645800105143754 | C115: 03/06/2025 08:33:39 | D115: 03126 | E115: PEDRO PAULO SILVA SANTOS | F115: VA - 08 | G115: Automóvel | H115: ARGO | I115: FIAT | J115: 13335016 | K115: POSTO TREVO | L115: RIO VERDE | M115: GO | N115: ETANOL COMUM | O115: 248 | P115: 7.99 | Q115: Km/L | R115: 5983 | S115: 31.03 | T115: 4.391 | U115: 136.24 | V115: 30630787 | W115: Planejamento Operaci | X115: Planejamento Operaci | Y115: Operacional | AA115: =DATEVALUE(C115) -> 45811 | AB115: =MONTH(AA115) -> 6 | AC115: =YEAR(AA115) -> 2025 | AD115: =IFERROR(VLOOKUP(A115,'Aux Área'!$A$4:$B$123,2,0),"-") -> CONSERVA
A116: TFS3C72 | B116: 60645800105143738 | C116: 03/06/2025 08:59:08 | D116: 00271 | E116: HEDER OLIVEIRA SANTANA | F116: VA - 06 | G116: Automóvel | H116: ARGO | I116: FIAT | J116: 41875311 | K116: POSTO SABOR DA TERRA | L116: INDIARA | M116: GO | N116: ETANOL COMUM | O116: 316 | P116: 10.11 | Q116: Km/L | R116: 8257 | S116: 31.27 | T116: 4.191 | U116: 131.05 | V116: 30632301 | W116: Planejamento Operaci | X116: Planejamento Operaci | Y116: Operacional | AA116: =DATEVALUE(C116) -> 45811 | AB116: =MONTH(AA116) -> 6 | AC116: =YEAR(AA116) -> 2025 | AD116: =IFERROR(VLOOKUP(A116,'Aux Área'!$A$4:$B$123,2,0),"-") -> CONSERVA
A117: TFP3B22 | B117: 60645800105143720 | C117: 03/06/2025 15:25:45 | D117: 02769 | E117: ANDRE LUIS PAULINO | F117: VA - 05 | G117: Automóvel | H117: ARGO | I117: FIAT | J117: 21998701 | K117: POSTO CAPIM DOURADO | L117: HIDROLANDIA | M117: GO | N117: ETANOL COMUM | O117: 352 | P117: 8.93 | Q117: Km/L | R117: 9785 | S117: 39.41 | T117: 4.34 | U117: 171.04 | V117: 0 | W117: Planejamento Operaci | X117: Planejamento Operaci | Y117: Operacional | AA117: =DATEVALUE(C117) -> 45811 | AB117: =MONTH(AA117) -> 6 | AC117: =YEAR(AA117) -> 2025 | AD117: =IFERROR(VLOOKUP(A117,'Aux Área'!$A$4:$B$123,2,0),"-") -> CONSERVA
A118: TFX7J72 | B118: 60645800105143754 | C118: 03/06/2025 15:52:01 | D118: 03126 | E118: PEDRO PAULO SILVA SANTOS | F118: VA - 08 | G118: Automóvel | H118: ARGO | I118: FIAT | J118: 75331003 | K118: SUPERVIA LAGOA | L118: RIO VERDE | M118: GO | N118: ETANOL COMUM | O118: 322 | P118: 8.23 | Q118: Km/L | R118: 6305 | S118: 39.13 | T118: 4.09 | U118: 160.04 | V118: 0 | W118: Planejamento Operaci | X118: Planejamento Operaci | Y118: Operacional | AA118: =DATEVALUE(C118) -> 45811 | AB118: =MONTH(AA118) -> 6 | AC118: =YEAR(AA118) -> 2025 | AD118: =IFERROR(VLOOKUP(A118,'Aux Área'!$A$4:$B$123,2,0),"-") -> CONSERVA
A119: TFS3C72 | B119: 60645800105143738 | C119: 03/06/2025 16:29:17 | D119: 00271 | E119: HEDER OLIVEIRA SANTANA | F119: VA - 06 | G119: Automóvel | H119: ARGO | I119: FIAT | J119: 45308900 | K119: POSTO LUPATINI | L119: SANTO ANTONIO DA BARRA | M119: GO | N119: ETANOL COMUM | O119: 253 | P119: 7.38 | Q119: Km/L | R119: 8510 | S119: 34.29 | T119: 4.29 | U119: 147.1 | V119: 1 | W119: Planejamento Operaci | X119: Planejamento Operaci | Y119: Operacional | AA119: =DATEVALUE(C119) -> 45811 | AB119: =MONTH(AA119) -> 6 | AC119: =YEAR(AA119) -> 2025 | AD119: =IFERROR(VLOOKUP(A119,'Aux Área'!$A$4:$B$123,2,0),"-") -> CONSERVA
A120: TFW2H32 | B120: 60645800105143835 | C120: 04/06/2025 08:30:10 | D120: 99638 | E120: LAFAIETE DE SOUZA SANTOS | F120: VA - 15 | G120: Automóvel | H120: ARGO | I120: FIAT | J120: 31860311 | K120: POSTO CAPIM DOURADO | L120: GOIANIA | M120: GO | N120: ETANOL COMUM | O120: =P120*S120 -> 179.2535 | P120: =P122 -> 9.55 | Q120: Km/L | R120: 195 | S120: 18.77 | T120: 4.79 | U120: 89.9 | V120: 201908 | W120: Planejamento Operaci | X120: Planejamento Operaci | Y120: Operacional | AA120: =DATEVALUE(C120) -> 45812 | AB120: =MONTH(AA120) -> 6 | AC120: =YEAR(AA120) -> 2025 | AD120: =IFERROR(VLOOKUP(A120,'Aux Área'!$A$4:$B$123,2,0),"-") -> QSMS
A121: TFS3C72 | B121: 60645800105143738 | C121: 04/06/2025 12:54:09 | D121: 00271 | E121: HEDER OLIVEIRA SANTANA | F121: VA - 06 | G121: Automóvel | H121: ARGO | I121: FIAT | J121: 53032505 | K121: AUTO POSTO CRISTAL | L121: GOIANIA | M121: GO | N121: ETANOL COMUM | O121: 308 | P121: 8.44 | Q121: Km/L | R121: 8818 | S121: 36.5 | T121: 4.84 | U121: 176.66 | V121: 40646539 | W121: Planejamento Operaci | X121: Planejamento Operaci | Y121: Operacional | AA121: =DATEVALUE(C121) -> 45812 | AB121: =MONTH(AA121) -> 6 | AC121: =YEAR(AA121) -> 2025 | AD121: =IFERROR(VLOOKUP(A121,'Aux Área'!$A$4:$B$123,2,0),"-") -> CONSERVA
A122: TFW2H32 | B122: 60645800105143835 | C122: 04/06/2025 15:47:35 | D122: 99638 | E122: LAFAIETE DE SOUZA SANTOS | F122: VA - 15 | G122: Automóvel | H122: ARGO | I122: FIAT | J122: 46286315 | K122: POSTO CENTRAL | L122: BOM JESUS | M122: GO | N122: ETANOL COMUM | O122: 382 | P122: 9.55 | Q122: Km/L | R122: 577 | S122: 40 | T122: 4.46 | U122: 178.4 | V122: 0 | W122: Planejamento Operaci | X122: Planejamento Operaci | Y122: Operacional | AA122: =DATEVALUE(C122) -> 45812 | AB122: =MONTH(AA122) -> 6 | AC122: =YEAR(AA122) -> 2025 | AD122: =IFERROR(VLOOKUP(A122,'Aux Área'!$A$4:$B$123,2,0),"-") -> QSMS
A123: TFX7J72 | B123: 60645800105143754 | C123: 04/06/2025 15:49:31 | D123: 03126 | E123: PEDRO PAULO SILVA SANTOS | F123: VA - 08 | G123: Automóvel | H123: ARGO | I123: FIAT | J123: 46286315 | K123: POSTO CENTRAL | L123: BOM JESUS | M123: GO | N123: ETANOL COMUM | O123: 272 | P123: 8.5 | Q123: Km/L | R123: 6577 | S123: 32 | T123: 4.461 | U123: 142.74 | V123: 0 | W123: Planejamento Operaci | X123: Planejamento Operaci | Y123: Operacional | AA123: =DATEVALUE(C123) -> 45812 | AB123: =MONTH(AA123) -> 6 | AC123: =YEAR(AA123) -> 2025 | AD123: =IFERROR(VLOOKUP(A123,'Aux Área'!$A$4:$B$123,2,0),"-") -> CONSERVA
A124: TFI3B19 | B124: 60645800105143690 | C124: 04/06/2025 18:29:46 | D124: 09697 | E124: HUILDSON ROSA BARBOSA | F124: VA - 03 | G124: Automóvel | H124: ARGO | I124: FIAT | J124: 36693900 | K124: POSTO FAROL | L124: GOIANIA | M124: GO | N124: ETANOL COMUM | O124: =P124*S124 -> 513.2064 | P124: =P129 -> 11.76 | Q124: Km/L | R124: 960 | S124: 43.64 | T124: 4.841 | U124: 211.26 | V124: 496099 | W124: Planejamento Operaci | X124: Planejamento Operaci | Y124: Operacional | AA124: =DATEVALUE(C124) -> 45812 | AB124: =MONTH(AA124) -> 6 | AC124: =YEAR(AA124) -> 2025 | AD124: =IFERROR(VLOOKUP(A124,'Aux Área'!$A$4:$B$123,2,0),"-") -> OPERAÇÃO
A125: TFP3B22 | B125: 60645800105143720 | C125: 04/06/2025 19:53:55 | D125: 02769 | E125: ANDRE LUIS PAULINO | F125: VA - 05 | G125: Automóvel | H125: ARGO | I125: FIAT | J125: 31860311 | K125: POSTO CAPIM DOURADO | L125: GOIANIA | M125: GO | N125: ETANOL COMUM | O125: 329 | P125: 10.06 | Q125: Km/L | R125: 10114 | S125: 32.72 | T125: 4.79 | U125: 156.73 | V125: 201915 | W125: Planejamento Operaci | X125: Planejamento Operaci | Y125: Operacional | AA125: =DATEVALUE(C125) -> 45812 | AB125: =MONTH(AA125) -> 6 | AC125: =YEAR(AA125) -> 2025 | AD125: =IFERROR(VLOOKUP(A125,'Aux Área'!$A$4:$B$123,2,0),"-") -> CONSERVA
A126: TFP9I32 | B126: 60645800105143819 | C126: 05/06/2025 08:49:00 | D126: 33861 | E126: FERNANDO DOS REIS GONÇALVES | F126: VA - 13 | G126: Automóvel | H126: ARGO | I126: FIAT | J126: 53085200 | K126: POSTO AM | L126: APARECIDA DE GOIANIA | M126: GO | N126: ETANOL COMUM | O126: 347 | P126: 8.79 | Q126: Km/L | R126: 4492 | S126: 39.46 | T126: 4.717 | U126: 186.15 | V126: 1 | W126: Planejamento Operaci | X126: Planejamento Operaci | Y126: Operacional | AA126: =DATEVALUE(C126) -> 45813 | AB126: =MONTH(AA126) -> 6 | AC126: =YEAR(AA126) -> 2025 | AD126: =IFERROR(VLOOKUP(A126,'Aux Área'!$A$4:$B$123,2,0),"-") -> CONSERVA
A127: TFS3C72 | B127: 60645800105143738 | C127: 05/06/2025 09:30:56 | D127: 00271 | E127: HEDER OLIVEIRA SANTANA | F127: VA - 06 | G127: Automóvel | H127: ARGO | I127: FIAT | J127: 41875311 | K127: POSTO SABOR DA TERRA | L127: INDIARA | M127: GO | N127: ETANOL COMUM | O127: 374 | P127: 8.85 | Q127: Km/L | R127: 9192 | S127: 42.24 | T127: 4.29 | U127: 181.21 | V127: 50634205 | W127: Planejamento Operaci | X127: Planejamento Operaci | Y127: Operacional | AA127: =DATEVALUE(C127) -> 45813 | AB127: =MONTH(AA127) -> 6 | AC127: =YEAR(AA127) -> 2025 | AD127: =IFERROR(VLOOKUP(A127,'Aux Área'!$A$4:$B$123,2,0),"-") -> CONSERVA
A128: TFE6B22 | B128: 60645800105143762 | C128: 05/06/2025 11:30:13 | D128: 03608 | E128: WEIDER DA SILVA RODRIGUES | F128: VA - 09 | G128: Automóvel | H128: ARGO | I128: FIAT | J128: 87185801 | K128: POSTO SAO JOAO BATISTA | L128: APARECIDA DE GOIANIA | M128: GO | N128: ETANOL COMUM | O128: 401 | P128: 10.25 | Q128: Km/L | R128: 3050 | S128: 39.12 | T128: 4.79 | U128: 187.38 | V128: 0 | W128: Planejamento Operaci | X128: Planejamento Operaci | Y128: Operacional | AA128: =DATEVALUE(C128) -> 45813 | AB128: =MONTH(AA128) -> 6 | AC128: =YEAR(AA128) -> 2025 | AD128: =IFERROR(VLOOKUP(A128,'Aux Área'!$A$4:$B$123,2,0),"-") -> ENGENHARIA
A129: TFI3B19 | B129: 60645800105143690 | C129: 05/06/2025 14:20:06 | D129: 09697 | E129: HUILDSON ROSA BARBOSA | F129: VA - 03 | G129: Automóvel | H129: ARGO | I129: FIAT | J129: 45364511 | K129: AUTO POSTO CERRADO 4 | L129: ITUMBIARA | M129: GO | N129: ETANOL COMUM | O129: 488 | P129: 11.76 | Q129: Km/L | R129: 1448 | S129: 41.51 | T129: 3.99 | U129: 165.62 | V129: 340950 | W129: Planejamento Operaci | X129: Planejamento Operaci | Y129: Operacional | AA129: =DATEVALUE(C129) -> 45813 | AB129: =MONTH(AA129) -> 6 | AC129: =YEAR(AA129) -> 2025 | AD129: =IFERROR(VLOOKUP(A129,'Aux Área'!$A$4:$B$123,2,0),"-") -> OPERAÇÃO
...

Sheet Aux Área
A3: Id | B3: Área | C3: Tipo
A4: TFB0B52 | B4: ANTT | C4: FISCALIZAÇÃO
A5: TGJ8F72 | B5: ANTT | C5: ANTT
A6: TFE9C14 | B6: APH
A7: TFL8I14 | B7: APH
A8: TFM4H34 | B8: APH
A9: TFN3B64 | B9: APH
A10: TFU6C04 | B10: APH
A11: TFV8C74 | B11: APH
A12: TFW3J34 | B12: APH
A13: TGC9A34 | B13: APH
A14: TGE1F64 | B14: APH
A15: TGL2B04 | B15: APH
A16: TFP3B22 | B16: CONSERVA
A17: TFP9I32 | B17: CONSERVA
... A46: TUW2D74 | B46: INSPEÇÃO
A47: TTV4H65 | B47: INSPEÇÃO | C47: IT-14
A48: TUQ2H91 | B48: INSPEÇÃO | C48: IT-13
A49: SCX7I02 | B49: JURÍDICO
A50: TFO4A43 | B50: JURÍDICO
A51: TLR1J91 | B51: LUCCA JR - OP
A52: TFD2J89 | B52: OPERAÇÃO | C52: POOL-02
A53: TFF5D72 | B53: OPERAÇÃO | C53: VA-11
A54: TFI3B19 | B54: OPERAÇÃO | C54: VA-03
A55: TFX8A49 | B55: OPERAÇÃO | C55: POOL-01
A56: TFY3C02 | B56: OPERAÇÃO | C56: VA-10
A57: TIV6G27 | B57: PESADOS | C57: GUINCHO LEVE
A58: TJE5D27 | B58: PESADOS | C58: GUINCHO LEVE
A59: TJP1H27 | B59: PESADOS | C59: GUINCHO LEVE
A60: TKB0E17 | B60: PESADOS | C60: GUINCHO LEVE
A61: TKC7D89 | B61: PESADOS | C61: GUINCHO PESADO
A62: TKC9B59 | B62: PESADOS | C62: GUINCHO PESADO
A63: TLO0E87 | B63: PESADOS | C63: GUINCHO LEVE
... A66: QSW6J59 | B66: PESADOS | C66: PIPA
A67: TFN0D12 | B67: QSMS
A68: TFW2H32 | B68: QSMS
A69: TFY2H52 | B69: QSMS
A70: BWS3689 | B70: SÃO PEDRO
A71: CVP4C84 | B71: SÃO PEDRO
A72: CVP4C84 | B72: SÃO PEDRO
A73: EJV0H01 | B73: SÃO PEDRO
A74: ERK4C90 | B74: SÃO PEDRO
A75: ETE7J06 | B75: SÃO PEDRO
A76: FCW8F66 | B76: SÃO PEDRO
A77: FKM6D96 | B77: SÃO PEDRO
A78: HKI4B92 | B78: SÃO PEDRO
... A113: TGM4D76 | B113: TI

Sheet Custo Por mes e Veículo
C1: Ano | D1: 2025 | E1: 2025 | F1: 2025 | G1: 2025 | H1: 2025 | I1: 2025 | J1: 2025 | K1: 2025 | L1: 2025 | M1: 2026 | N1: 2026 | O1: 2026 | P1: 2026 | Q1: 2026 | R1: 2026 | S1: 2026 | T1: 2026 | U1: 2026 | V1: 2026 | W1: 2026 | X1: 2026
A2: Aux Tipo | B2: aux cód | C2: Mês | D2: 4 | E2: 5 | F2: 6 | G2: 7 | H2: 8 | I2: 9 | J2: 10 | K2: 11 | L2: 12 | M2: 1 | N2: 2 | O2: 3 | P2: 4 | Q2: 5 | R2: 6 | S2: 7 | T2: 8 | U2: 9 | V2: 10 | W2: 11 | X2: 12
A3: ADM | B3: =_xlfn.XLOOKUP(C3,'[1]LOCADO - ATIVOS'!$C:$C,'[1]LOCADO - ATIVOS'!$B:$B) -> VA - 13 | C3: TFP9I32 | D3: =SUMIFS(Combustivel!$U:$U,Combustivel!$AB:$AB,'Custo Por mes e Veículo'!D$2,Combustivel!$AC:$AC,'Custo Por mes e Veículo'!D$1,Combustivel!$A:$A,'Custo Por mes e Veículo'!$C3) -> 0 | E3: =SUMIFS(Combustivel!$U:$U,Combustivel!$AB:$AB,'Custo Por mes e Veículo'!E$2,Combustivel!$AC:$AC,'Custo Por mes e Veículo'!E$1,Combustivel!$A:$A,'Custo Por mes e Veículo'!$C3) -> 1385.53 | F3: =SUMIFS(Combustivel!$U:$U,Combustivel!$AB:$AB,'Custo Por mes e Veículo'!F$2,Combustivel!$AC:$AC,'Custo Por mes e Veículo'!F$1,Combustivel!$A:$A,'Custo Por mes e Veículo'!$C3) -> 1402.84 | G3: =SUMIFS(Combustivel!$U:$U,Combustivel!$AB:$AB,'Custo Por mes e Veículo'!G$2,Combustivel!$AC:$AC,'Custo Por mes e Veículo'!G$1,Combustivel!$A:$A,'Custo Por mes e Veículo'!$C3) -> 1263.22 | H3: =SUMIFS(Combustivel!$U:$U,Combustivel!$AB:$AB,'Custo Por mes e Veículo'!H$2,Combustivel!$AC:$AC,'Custo Por mes e Veículo'!H$1,Combustivel!$A:$A,'Custo Por mes e Veículo'!$C3) -> 1054.02 | I3: =SUMIFS(Combustivel!$U:$U,Combustivel!$AB:$AB,'Custo Por mes e Veículo'!I$2,Combustivel!$AC:$AC,'Custo Por mes e Veículo'!I$1,Combustivel!$A:$A,'Custo Por mes e Veículo'!$C3) -> 1420.14 | J3: =SUMIFS(Combustivel!$U:$U,Combustivel!$AB:$AB,'Custo Por mes e Veículo'!J$2,Combustivel!$AC:$AC,'Custo Por mes e Veículo'!J$1,Combustivel!$A:$A,'Custo Por mes e Veículo'!$C3) -> 2101.56 | K3: =SUMIFS(Combustivel!$U:$U,Combustivel!$AB:$AB,'Custo Por mes e Veículo'!K$2,Combustivel!$AC:$AC,'Custo Por mes e Veículo'!K$1,Combustivel!$A:$A,'Custo Por mes e Veículo'!$C3) -> 796.3 | ... X3: =SUMIFS(Combustivel!$U:$U,Combustivel!$AB:$AB,'Custo Por mes e Veículo'!X$2,Combustivel!$AC:$AC,'Custo Por mes e Veículo'!X$1,Combustivel!$A:$A,'Custo Por mes e Veículo'!$C3) -> 0
A4: ADM | B4: =_xlfn.XLOOKUP(C4,'[1]LOCADO - ATIVOS'!$C:$C,'[1]LOCADO - ATIVOS'!$B:$B) -> VA - 05 | C4: TFP3B22 | D4: =SUMIFS(Combustivel!$U:$U,Combustivel!$AB:$AB,'Custo Por mes e Veículo'!D$2,Combustivel!$AC:$AC,'Custo Por mes e Veículo'!D$1,Combustivel!$A:$A,'Custo Por mes e Veículo'!$C4) -> 176.04244 | E4: =SUMIFS(Combustivel!$U:$U,Combustivel!$AB:$AB,'Custo Por mes e Veículo'!E$2,Combustivel!$AC:$AC,'Custo Por mes e Veículo'!E$1,Combustivel!$A:$A,'Custo Por mes e Veículo'!$C4) -> 2949.85 | F4: =SUMIFS(Combustivel!$U:$U,Combustivel!$AB:$AB,'Custo Por mes e Veículo'!F$2,Combustivel!$AC:$AC,'Custo Por mes e Veículo'!F$1,Combustivel!$A:$A,'Custo Por mes e Veículo'!$C4) -> 3795.05 | G4: =SUMIFS(Combustivel!$U:$U,Combustivel!$AB:$AB,'Custo Por mes e Veículo'!G$2,Combustivel!$AC:$AC,'Custo Por mes e Veículo'!G$1,Combustivel!$A:$A,'Custo Por mes e Veículo'!$C4) -> 4049.76 | H4: =SUMIFS(Combustivel!$U:$U,Combustivel!$AB:$AB,'Custo Por mes e Veículo'!H$2,Combustivel!$AC:$AC,'Custo Por mes e Veículo'!H$1,Combustivel!$A:$A,'Custo Por mes e Veículo'!$C4) -> 1789.42 | I4: =SUMIFS(Combustivel!$U:$U,Combustivel!$AB:$AB,'Custo Por mes e Veículo'!I$2,Combustivel!$AC:$AC,'Custo Por mes e Veículo'!I$1,Combustivel!$A:$A,'Custo Por mes e Veículo'!$C4) -> 0 | J4: =SUMIFS(Combustivel!$U:$U,Combustivel!$AB:$AB,'Custo Por mes e Veículo'!J$2,Combustivel!$AC:$AC,'Custo Por mes e Veículo'!J$1,Combustivel!$A:$A,'Custo Por mes e Veículo'!$C4) -> 0 | K4: =SUMIFS(Combustivel!$U:$U,Combustivel!$AB:$AB,'Custo Por mes e Veículo'!K$2,Combustivel!$AC:$AC,'Custo Por mes e Veículo'!K$1,Combustivel!$A:$A,'Custo Por mes e Veículo'!$C4) -> 463.27 | ... X4: =SUMIFS(Combustivel!$U:$U,Combustivel!$AB:$AB,'Custo Por mes e Veículo'!X$2,Combustivel!$AC:$AC,'Custo Por mes e Veículo'!X$1,Combustivel!$A:$A,'Custo Por mes e Veículo'!$C4) -> 0
A5: ADM | B5: =_xlfn.XLOOKUP(C5,'[1]LOCADO - ATIVOS'!$C:$C,'[1]LOCADO - ATIVOS'!$B:$B) -> VA - 06 | C5: TFS3C72 | D5: =SUMIFS(Combustivel!$U:$U,Combustivel!$AB:$AB,'Custo Por mes e Veículo'!D$2,Combustivel!$AC:$AC,'Custo Por mes e Veículo'!D$1,Combustivel!$A:$A,'Custo Por mes e Veículo'!$C5) -> 207.49069 | E5: =SUMIFS(Combustivel!$U:$U,Combustivel!$AB:$AB,'Custo Por mes e Veículo'!E$2,Combustivel!$AC:$AC,'Custo Por mes e Veículo'!E$1,Combustivel!$A:$A,'Custo Por mes e Veículo'!$C5) -> 3104.35 | F5: =SUMIFS(Combustivel!$U:$U,Combustivel!$AB:$AB,'Custo Por mes e Veículo'!F$2,Combustivel!$AC:$AC,'Custo Por mes e Veículo'!F$1,Combustivel!$A:$A,'Custo Por mes e Veículo'!$C5) -> 3906.86 | G5: =SUMIFS(Combustivel!$U:$U,Combustivel!$AB:$AB,'Custo Por mes e Veículo'!G$2,Combustivel!$AC:$AC,'Custo Por mes e Veículo'!G$1,Combustivel!$A:$A,'Custo Por mes e Veículo'!$C5) -> 2574.73 | H5: =SUMIFS(Combustivel!$U:$U,Combustivel!$AB:$AB,'Custo Por mes e Veículo'!H$2,Combustivel!$AC:$AC,'Custo Por mes e Veículo'!H$1,Combustivel!$A:$A,'Custo Por mes e Veículo'!$C5) -> 4394.8 | I5: =SUMIFS(Combustivel!$U:$U,Combustivel!$AB:$AB,'Custo Por mes e Veículo'!I$2,Combustivel!$AC:$AC,'Custo Por mes e Veículo'!I$1,Combustivel!$A:$A,'Custo Por mes e Veículo'!$C5) -> 5076.41 | J5: =SUMIFS(Combustivel!$U:$U,Combustivel!$AB:$AB,'Custo Por mes e Veículo'!J$2,Combustivel!$AC:$AC,'Custo Por mes e Veículo'!J$1,Combustivel!$A:$A,'Custo Por mes e Veículo'!$C5) -> 5869.22 | K5: =SUMIFS(Combustivel!$U:$U,Combustivel!$AB:$AB,'Custo Por mes e Veículo'!K$2,Combustivel!$AC:$AC,'Custo Por mes e Veículo'!K$1,Combustivel!$A:$A,'Custo Por mes e Veículo'!$C5) -> 4587.53 | ... X5: =SUMIFS(Combustivel!$U:$U,Combustivel!$AB:$AB,'Custo Por mes e Veículo'!X$2,Combustivel!$AC:$AC,'Custo Por mes e Veículo'!X$1,Combustivel!$A:$A,'Custo Por mes e Veículo'!$C5) -> 0
A6: ADM | B6: =_xlfn.XLOOKUP(C6,'[1]LOCADO - ATIVOS'!$C:$C,'[1]LOCADO - ATIVOS'!$B:$B) -> VA - 10 | C6: TFY3C02 | D6: =SUMIFS(Combustivel!$U:$U,Combustivel!$AB:$AB,'Custo Por mes e Veículo'!D$2,Combustivel!$AC:$AC,'Custo Por mes e Veículo'!D$1,Combustivel!$A:$A,'Custo Por mes e Veículo'!$C6) -> 1509.1084 | E6: =SUMIFS(Combustivel!$U:$U,Combustivel!$AB:$AB,'Custo Por mes e Veículo'!E$2,Combustivel!$AC:$AC,'Custo Por mes e Veículo'!E$1,Combustivel!$A:$A,'Custo Por mes e Veículo'!$C6) -> 505.55 | F6: =SUMIFS(Combustivel!$U:$U,Combustivel!$AB:$AB,'Custo Por mes e Veículo'!F$2,Combustivel!$AC:$AC,'Custo Por mes e Veículo'!F$1,Combustivel!$A:$A,'Custo Por mes e Veículo'!$C6) -> 341.51 | G6: =SUMIFS(Combustivel!$U:$U,Combustivel!$AB:$AB,'Custo Por mes e Veículo'!G$2,Combustivel!$AC:$AC,'Custo Por mes e Veículo'!G$1,Combustivel!$A:$A,'Custo Por mes e Veículo'!$C6) -> 522.56 | H6: =SUMIFS(Combustivel!$U:$U,Combustivel!$AB:$AB,'Custo Por mes e Veículo'!H$2,Combustivel!$AC:$AC,'Custo Por mes e Veículo'!H$1,Combustivel!$A:$A,'Custo Por mes e Veículo'!$C6) -> 687.23 | I6: =SUMIFS(Combustivel!$U:$U,Combustivel!$AB:$AB,'Custo Por mes e Veículo'!I$2,Combustivel!$AC:$AC,'Custo Por mes e Veículo'!I$1,Combustivel!$A:$A,'Custo Por mes e Veículo'!$C6) -> 1182.62 | J6: =SUMIFS(Combustivel!$U:$U,Combustivel!$AB:$AB,'Custo Por mes e Veículo'!J$2,Combustivel!$AC:$AC,'Custo Por mes e Veículo'!J$1,Combustivel!$A:$A,'Custo Por mes e Veículo'!$C6) -> 1651.31 | K6: =SUMIFS(Combustivel!$U:$U,Combustivel!$AB:$AB,'Custo Por mes e Veículo'!K$2,Combustivel!$AC:$AC,'Custo Por mes e Veículo'!K$1,Combustivel!$A:$A,'Custo Por mes e Veículo'!$C6) -> 1579.14 | ... X6: =SUMIFS(Combustivel!$U:$U,Combustivel!$AB:$AB,'Custo Por mes e Veículo'!X$2,Combustivel!$AC:$AC,'Custo Por mes e Veículo'!X$1,Combustivel!$A:$A,'Custo Por mes e Veículo'!$C6) -> 0
A7: ADM | B7: =_xlfn.XLOOKUP(C7,'[1]LOCADO - ATIVOS'!$C:$C,'[1]LOCADO - ATIVOS'!$B:$B) -> VA - 11 | C7: TFF5D72 | D7: =SUMIFS(Combustivel!$U:$U,Combustivel!$AB:$AB,'Custo Por mes e Veículo'!D$2,Combustivel!$AC:$AC,'Custo Por mes e Veículo'!D$1,Combustivel!$A:$A,'Custo Por mes e Veículo'!$C7) -> 0 | E7: =SUMIFS(Combustivel!$U:$U,Combustivel!$AB:$AB,'Custo Por mes e Veículo'!E$2,Combustivel!$AC:$AC,'Custo Por mes e Veículo'!E$1,Combustivel!$A:$A,'Custo Por mes e Veículo'!$C7) -> 502.08 | F7: =SUMIFS(Combustivel!$U:$U,Combustivel!$AB:$AB,'Custo Por mes e Veículo'!F$2,Combustivel!$AC:$AC,'Custo Por mes e Veículo'!F$1,Combustivel!$A:$A,'Custo Por mes e Veículo'!$C7) -> 368.04 | G7: =SUMIFS(Combustivel!$U:$U,Combustivel!$AB:$AB,'Custo Por mes e Veículo'!G$2,Combustivel!$AC:$AC,'Custo Por mes e Veículo'!G$1,Combustivel!$A:$A,'Custo Por mes e Veículo'!$C7) -> 502.31 | H7: =SUMIFS(Combustivel!$U:$U,Combustivel!$AB:$AB,'Custo Por mes e Veículo'!H$2,Combustivel!$AC:$AC,'Custo Por mes e Veículo'!H$1,Combustivel!$A:$A,'Custo Por mes e Veículo'!$C7) -> 479.59 | I7: =SUMIFS(Combustivel!$U:$U,Combustivel!$AB:$AB,'Custo Por mes e Veículo'!I$2,Combustivel!$AC:$AC,'Custo Por mes e Veículo'!I$1,Combustivel!$A:$A,'Custo Por mes e Veículo'!$C7) -> 1296.3 | J7: =SUMIFS(Combustivel!$U:$U,Combustivel!$AB:$AB,'Custo Por mes e Veículo'!J$2,Combustivel!$AC:$AC,'Custo Por mes e Veículo'!J$1,Combustivel!$A:$A,'Custo Por mes e Veículo'!$C7) -> 1876.17 | K7: =SUMIFS(Combustivel!$U:$U,Combustivel!$AB:$AB,'Custo Por mes e Veículo'!K$2,Combustivel!$AC:$AC,'Custo Por mes e Veículo'!K$1,Combustivel!$A:$A,'Custo Por mes e Veículo'!$C7) -> 897.93 | ... X7: =SUMIFS(Combustivel!$U:$U,Combustivel!$AB:$AB,'Custo Por mes e Veículo'!X$2,Combustivel!$AC:$AC,'Custo Por mes e Veículo'!X$1,Combustivel!$A:$A,'Custo Por mes e Veículo'!$C7) -> 0
A8: ADM | B8: =_xlfn.XLOOKUP(C8,'[1]LOCADO - ATIVOS'!$C:$C,'[1]LOCADO - ATIVOS'!$B:$B) -> VA - 03 | C8: TFI3B19 | D8: =SUMIFS(Combustivel!$U:$U,Combustivel!$AB:$AB,'Custo Por mes e Veículo'!D$2,Combustivel!$AC:$AC,'Custo Por mes e Veículo'!D$1,Combustivel!$A:$A,'Custo Por mes e Veículo'!$C8) -> 3404.7 | E8: =SUMIFS(Combustivel!$U:$U,Combustivel!$AB:$AB,'Custo Por mes e Veículo'!E$2,Combustivel!$AC:$AC,'Custo Por mes e Veículo'!E$1,Combustivel!$A:$A,'Custo Por mes e Veículo'!$C8) -> 0 | F8: =SUMIFS(Combustivel!$U:$U,Combustivel!$AB:$AB,'Custo Por mes e Veículo'!F$2,Combustivel!$AC:$AC,'Custo Por mes e Veículo'!F$1,Combustivel!$A:$A,'Custo Por mes e Veículo'!$C8) -> 1573.5 | G8: =SUMIFS(Combustivel!$U:$U,Combustivel!$AB:$AB,'Custo Por mes e Veículo'!G$2,Combustivel!$AC:$AC,'Custo Por mes e Veículo'!G$1,Combustivel!$A:$A,'Custo Por mes e Veículo'!$C8) -> 2185.44 | H8: =SUMIFS(Combustivel!$U:$U,Combustivel!$AB:$AB,'Custo Por mes e Veículo'!H$2,Combustivel!$AC:$AC,'Custo Por mes e Veículo'!H$1,Combustivel!$A:$A,'Custo Por mes e Veículo'!$C8) -> 1662.91 | I8: =SUMIFS(Combustivel!$U:$U,Combustivel!$AB:$AB,'Custo Por mes e Veículo'!I$2,Combustivel!$AC:$AC,'Custo Por mes e Veículo'!I$1,Combustivel!$A:$A,'Custo Por mes e Veículo'!$C8) -> 2551.43 | J8: =SUMIFS(Combustivel!$U:$U,Combustivel!$AB:$AB,'Custo Por mes e Veículo'!J$2,Combustivel!$AC:$AC,'Custo Por mes e Veículo'!J$1,Combustivel!$A:$A,'Custo Por mes e Veículo'!$C8) -> 3103.34 | K8: =SUMIFS(Combustivel!$U:$U,Combustivel!$AB:$AB,'Custo Por mes e Veículo'!K$2,Combustivel!$AC:$AC,'Custo Por mes e Veículo'!K$1,Combustivel!$A:$A,'Custo Por mes e Veículo'!$C8) -> 3392.2 | ... X8: =SUMIFS(Combustivel!$U:$U,Combustivel!$AB:$AB,'Custo Por mes e Veículo'!X$2,Combustivel!$AC:$AC,'Custo Por mes e Veículo'!X$1,Combustivel!$A:$A,'Custo Por mes e Veículo'!$C8) -> 0
D9: =SUMIFS(Combustivel!$U:$U,Combustivel!$AB:$AB,'Custo Por mes e Veículo'!D$2,Combustivel!$AC:$AC,'Custo Por mes e Veículo'!D$1,Combustivel!$A:$A,'Custo Por mes e Veículo'!$C9) -> 0 | E9: =SUMIFS(Combustivel!$U:$U,Combustivel!$AB:$AB,'Custo Por mes e Veículo'!E$2,Combustivel!$AC:$AC,'Custo Por mes e Veículo'!E$1,Combustivel!$A:$A,'Custo Por mes e Veículo'!$C9) -> 0 | F9: =SUMIFS(Combustivel!$U:$U,Combustivel!$AB:$AB,'Custo Por mes e Veículo'!F$2,Combustivel!$AC:$AC,'Custo Por mes e Veículo'!F$1,Combustivel!$A:$A,'Custo Por mes e Veículo'!$C9) -> 0 | G9: =SUMIFS(Combustivel!$U:$U,Combustivel!$AB:$AB,'Custo Por mes e Veículo'!G$2,Combustivel!$AC:$AC,'Custo Por mes e Veículo'!G$1,Combustivel!$A:$A,'Custo Por mes e Veículo'!$C9) -> 0 | H9: =SUMIFS(Combustivel!$U:$U,Combustivel!$AB:$AB,'Custo Por mes e Veículo'!H$2,Combustivel!$AC:$AC,'Custo Por mes e Veículo'!H$1,Combustivel!$A:$A,'Custo Por mes e Veículo'!$C9) -> 0 | I9: =SUMIFS(Combustivel!$U:$U,Combustivel!$AB:$AB,'Custo Por mes e Veículo'!I$2,Combustivel!$AC:$AC,'Custo Por mes e Veículo'!I$1,Combustivel!$A:$A,'Custo Por mes e Veículo'!$C9) -> 0 | J9: =SUMIFS(Combustivel!$U:$U,Combustivel!$AB:$AB,'Custo Por mes e Veículo'!J$2,Combustivel!$AC:$AC,'Custo Por mes e Veículo'!J$1,Combustivel!$A:$A,'Custo Por mes e Veículo'!$C9) -> 0 | K9: =SUMIFS(Combustivel!$U:$U,Combustivel!$AB:$AB,'Custo Por mes e Veículo'!K$2,Combustivel!$AC:$AC,'Custo Por mes e Veículo'!K$1,Combustivel!$A:$A,'Custo Por mes e Veículo'!$C9) -> 0 | ... X9: =SUMIFS(Combustivel!$U:$U,Combustivel!$AB:$AB,'Custo Por mes e Veículo'!X$2,Combustivel!$AC:$AC,'Custo Por mes e Veículo'!X$1,Combustivel!$A:$A,'Custo Por mes e Veículo'!$C9) -> 0
D10: =SUMIFS(Combustivel!$U:$U,Combustivel!$AB:$AB,'Custo Por mes e Veículo'!D$2,Combustivel!$AC:$AC,'Custo Por mes e Veículo'!D$1,Combustivel!$A:$A,'Custo Por mes e Veículo'!$C10) -> 0 | E10: =SUMIFS(Combustivel!$U:$U,Combustivel!$AB:$AB,'Custo Por mes e Veículo'!E$2,Combustivel!$AC:$AC,'Custo Por mes e Veículo'!E$1,Combustivel!$A:$A,'Custo Por mes e Veículo'!$C10) -> 0 | F10: =SUMIFS(Combustivel!$U:$U,Combustivel!$AB:$AB,'Custo Por mes e Veículo'!F$2,Combustivel!$AC:$AC,'Custo Por mes e Veículo'!F$1,Combustivel!$A:$A,'Custo Por mes e Veículo'!$C10) -> 0 | G10: =SUMIFS(Combustivel!$U:$U,Combustivel!$AB:$AB,'Custo Por mes e Veículo'!G$2,Combustivel!$AC:$AC,'Custo Por mes e Veículo'!G$1,Combustivel!$A:$A,'Custo Por mes e Veículo'!$C10) -> 0 | H10: =SUMIFS(Combustivel!$U:$U,Combustivel!$AB:$AB,'Custo Por mes e Veículo'!H$2,Combustivel!$AC:$AC,'Custo Por mes e Veículo'!H$1,Combustivel!$A:$A,'Custo Por mes e Veículo'!$C10) -> 0 | I10: =SUMIFS(Combustivel!$U:$U,Combustivel!$AB:$AB,'Custo Por mes e Veículo'!I$2,Combustivel!$AC:$AC,'Custo Por mes e Veículo'!I$1,Combustivel!$A:$A,'Custo Por mes e Veículo'!$C10) -> 0 | J10: =SUMIFS(Combustivel!$U:$U,Combustivel!$AB:$AB,'Custo Por mes e Veículo'!J$2,Combustivel!$AC:$AC,'Custo Por mes e Veículo'!J$1,Combustivel!$A:$A,'Custo Por mes e Veículo'!$C10) -> 0 | K10: =SUMIFS(Combustivel!$U:$U,Combustivel!$AB:$AB,'Custo Por mes e Veículo'!K$2,Combustivel!$AC:$AC,'Custo Por mes e Veículo'!K$1,Combustivel!$A:$A,'Custo Por mes e Veículo'!$C10) -> 0 | ... X10: =SUMIFS(Combustivel!$U:$U,Combustivel!$AB:$AB,'Custo Por mes e Veículo'!X$2,Combustivel!$AC:$AC,'Custo Por mes e Veículo'!X$1,Combustivel!$A:$A,'Custo Por mes e Veículo'!$C10) -> 0
A11: ADM | B11: =_xlfn.XLOOKUP(C11,'[1]LOCADO - ATIVOS'!$C:$C,'[1]LOCADO - ATIVOS'!$B:$B) -> POOL - 01 | C11: TFX8A49 | D11: =SUMIFS(Combustivel!$U:$U,Combustivel!$AB:$AB,'Custo Por mes e Veículo'!D$2,Combustivel!$AC:$AC,'Custo Por mes e Veículo'!D$1,Combustivel!$A:$A,'Custo Por mes e Veículo'!$C11) -> 2034.7729 | E11: =SUMIFS(Combustivel!$U:$U,Combustivel!$AB:$AB,'Custo Por mes e Veículo'!E$2,Combustivel!$AC:$AC,'Custo Por mes e Veículo'!E$1,Combustivel!$A:$A,'Custo Por mes e Veículo'!$C11) -> 168.48 | F11: =SUMIFS(Combustivel!$U:$U,Combustivel!$AB:$AB,'Custo Por mes e Veículo'!F$2,Combustivel!$AC:$AC,'Custo Por mes e Veículo'!F$1,Combustivel!$A:$A,'Custo Por mes e Veículo'!$C11) -> 711.11 | G11: =SUMIFS(Combustivel!$U:$U,Combustivel!$AB:$AB,'Custo Por mes e Veículo'!G$2,Combustivel!$AC:$AC,'Custo Por mes e Veículo'!G$1,Combustivel!$A:$A,'Custo Por mes e Veículo'!$C11) -> 612.12 | H11: =SUMIFS(Combustivel!$U:$U,Combustivel!$AB:$AB,'Custo Por mes e Veículo'!H$2,Combustivel!$AC:$AC,'Custo Por mes e Veículo'!H$1,Combustivel!$A:$A,'Custo Por mes e Veículo'!$C11) -> 1497.81 | I11: =SUMIFS(Combustivel!$U:$U,Combustivel!$AB:$AB,'Custo Por mes e Veículo'!I$2,Combustivel!$AC:$AC,'Custo Por mes e Veículo'!I$1,Combustivel!$A:$A,'Custo Por mes e Veículo'!$C11) -> 843.24 | J11: =SUMIFS(Combustivel!$U:$U,Combustivel!$AB:$AB,'Custo Por mes e Veículo'!J$2,Combustivel!$AC:$AC,'Custo Por mes e Veículo'!J$1,Combustivel!$A:$A,'Custo Por mes e Veículo'!$C11) -> 1042.43 | K11: =SUMIFS(Combustivel!$U:$U,Combustivel!$AB:$AB,'Custo Por mes e Veículo'!K$2,Combustivel!$AC:$AC,'Custo Por mes e Veículo'!K$1,Combustivel!$A:$A,'Custo Por mes e Veículo'!$C11) -> 466.11 | ... X11: =SUMIFS(Combustivel!$U:$U,Combustivel!$AB:$AB,'Custo Por mes e Veículo'!X$2,Combustivel!$AC:$AC,'Custo Por mes e Veículo'!X$1,Combustivel!$A:$A,'Custo Por mes e Veículo'!$C11) -> 0
A12: ADM | B12: =_xlfn.XLOOKUP(C12,'[1]LOCADO - ATIVOS'!$C:$C,'[1]LOCADO - ATIVOS'!$B:$B) -> POOL - 02 | C12: TFD2J89 | D12: =SUMIFS(Combustivel!$U:$U,Combustivel!$AB:$AB,'Custo Por mes e Veículo'!D$2,Combustivel!$AC:$AC,'Custo Por mes e Veículo'!D$1,Combustivel!$A:$A,'Custo Por mes e Veículo'!$C12) -> 0 | E12: =SUMIFS(Combustivel!$U:$U,Combustivel!$AB:$AB,'Custo Por mes e Veículo'!E$2,Combustivel!$AC:$AC,'Custo Por mes e Veículo'!E$1,Combustivel!$A:$A,'Custo Por mes e Veículo'!$C12) -> 399.21 | F12: =SUMIFS(Combustivel!$U:$U,Combustivel!$AB:$AB,'Custo Por mes e Veículo'!F$2,Combustivel!$AC:$AC,'Custo Por mes e Veículo'!F$1,Combustivel!$A:$A,'Custo Por mes e Veículo'!$C12) -> 544.98 | G12: =SUMIFS(Combustivel!$U:$U,Combustivel!$AB:$AB,'Custo Por mes e Veículo'!G$2,Combustivel!$AC:$AC,'Custo Por mes e Veículo'!G$1,Combustivel!$A:$A,'Custo Por mes e Veículo'!$C12) -> 1129.51 | H12: =SUMIFS(Combustivel!$U:$U,Combustivel!$AB:$AB,'Custo Por mes e Veículo'!H$2,Combustivel!$AC:$AC,'Custo Por mes e Veículo'!H$1,Combustivel!$A:$A,'Custo Por mes e Veículo'!$C12) -> 754.15 | I12: =SUMIFS(Combustivel!$U:$U,Combustivel!$AB:$AB,'Custo Por mes e Veículo'!I$2,Combustivel!$AC:$AC,'Custo Por mes e Veículo'!I$1,Combustivel!$A:$A,'Custo Por mes e Veículo'!$C12) -> 1135.28 | J12: =SUMIFS(Combustivel!$U:$U,Combustivel!$AB:$AB,'Custo Por mes e Veículo'!J$2,Combustivel!$AC:$AC,'Custo Por mes e Veículo'!J$1,Combustivel!$A:$A,'Custo Por mes e Veículo'!$C12) -> 1957.41 | K12: =SUMIFS(Combustivel!$U:$U,Combustivel!$AB:$AB,'Custo Por mes e Veículo'!K$2,Combustivel!$AC:$AC,'Custo Por mes e Veículo'!K$1,Combustivel!$A:$A,'Custo Por mes e Veículo'!$C12) -> 646.18 | ... X12: =SUMIFS(Combustivel!$U:$U,Combustivel!$AB:$AB,'Custo Por mes e Veículo'!X$2,Combustivel!$AC:$AC,'Custo Por mes e Veículo'!X$1,Combustivel!$A:$A,'Custo Por mes e Veículo'!$C12) -> 0
A13: ADM | B13: =_xlfn.XLOOKUP(C13,'[1]LOCADO - ATIVOS'!$C:$C,'[1]LOCADO - ATIVOS'!$B:$B) -> VA - 17 | C13: TFF6I82 | D13: =SUMIFS(Combustivel!$U:$U,Combustivel!$AB:$AB,'Custo Por mes e Veículo'!D$2,Combustivel!$AC:$AC,'Custo Por mes e Veículo'!D$1,Combustivel!$A:$A,'Custo Por mes e Veículo'!$C13) -> 1863.3906 | E13: =SUMIFS(Combustivel!$U:$U,Combustivel!$AB:$AB,'Custo Por mes e Veículo'!E$2,Combustivel!$AC:$AC,'Custo Por mes e Veículo'!E$1,Combustivel!$A:$A,'Custo Por mes e Veículo'!$C13) -> 0 | F13: =SUMIFS(Combustivel!$U:$U,Combustivel!$AB:$AB,'Custo Por mes e Veículo'!F$2,Combustivel!$AC:$AC,'Custo Por mes e Veículo'!F$1,Combustivel!$A:$A,'Custo Por mes e Veículo'!$C13) -> 959.19 | G13: =SUMIFS(Combustivel!$U:$U,Combustivel!$AB:$AB,'Custo Por mes e Veículo'!G$2,Combustivel!$AC:$AC,'Custo Por mes e Veículo'!G$1,Combustivel!$A:$A,'Custo Por mes e Veículo'!$C13) -> 1242.13 | H13: =SUMIFS(Combustivel!$U:$U,Combustivel!$AB:$AB,'Custo Por mes e Veículo'!H$2,Combustivel!$AC:$AC,'Custo Por mes e Veículo'!H$1,Combustivel!$A:$A,'Custo Por mes e Veículo'!$C13) -> 2317.5 | I13: =SUMIFS(Combustivel!$U:$U,Combustivel!$AB:$AB,'Custo Por mes e Veículo'!I$2,Combustivel!$AC:$AC,'Custo Por mes e Veículo'!I$1,Combustivel!$A:$A,'Custo Por mes e Veículo'!$C13) -> 3166.41 | J13: =SUMIFS(Combustivel!$U:$U,Combustivel!$AB:$AB,'Custo Por mes e Veículo'!J$2,Combustivel!$AC:$AC,'Custo Por mes e Veículo'!J$1,Combustivel!$A:$A,'Custo Por mes e Veículo'!$C13) -> 2052.69 | K13: =SUMIFS(Combustivel!$U:$U,Combustivel!$AB:$AB,'Custo Por mes e Veículo'!K$2,Combustivel!$AC:$AC,'Custo Por mes e Veículo'!K$1,Combustivel!$A:$A,'Custo Por mes e Veículo'!$C13) -> 1281.2 | ... X13: =SUMIFS(Combustivel!$U:$U,Combustivel!$AB:$AB,'Custo Por mes e Veículo'!X$2,Combustivel!$AC:$AC,'Custo Por mes e Veículo'!X$1,Combustivel!$A:$A,'Custo Por mes e Veículo'!$C13) -> 0
D14: =SUMIFS(Combustivel!$U:$U,Combustivel!$AB:$AB,'Custo Por mes e Veículo'!D$2,Combustivel!$AC:$AC,'Custo Por mes e Veículo'!D$1,Combustivel!$A:$A,'Custo Por mes e Veículo'!$C14) -> 0 | E14: =SUMIFS(Combustivel!$U:$U,Combustivel!$AB:$AB,'Custo Por mes e Veículo'!E$2,Combustivel!$AC:$AC,'Custo Por mes e Veículo'!E$1,Combustivel!$A:$A,'Custo Por mes e Veículo'!$C14) -> 0 | F14: =SUMIFS(Combustivel!$U:$U,Combustivel!$AB:$AB,'Custo Por mes e Veículo'!F$2,Combustivel!$AC:$AC,'Custo Por mes e Veículo'!F$1,Combustivel!$A:$A,'Custo Por mes e Veículo'!$C14) -> 0 | G14: =SUMIFS(Combustivel!$U:$U,Combustivel!$AB:$AB,'Custo Por mes e Veículo'!G$2,Combustivel!$AC:$AC,'Custo Por mes e Veículo'!G$1,Combustivel!$A:$A,'Custo Por mes e Veículo'!$C14) -> 0 | H14: =SUMIFS(Combustivel!$U:$U,Combustivel!$AB:$AB,'Custo Por mes e Veículo'!H$2,Combustivel!$AC:$AC,'Custo Por mes e Veículo'!H$1,Combustivel!$A:$A,'Custo Por mes e Veículo'!$C14) -> 0 | I14: =SUMIFS(Combustivel!$U:$U,Combustivel!$AB:$AB,'Custo Por mes e Veículo'!I$2,Combustivel!$AC:$AC,'Custo Por mes e Veículo'!I$1,Combustivel!$A:$A,'Custo Por mes e Veículo'!$C14) -> 0 | J14: =SUMIFS(Combustivel!$U:$U,Combustivel!$AB:$AB,'Custo Por mes e Veículo'!J$2,Combustivel!$AC:$AC,'Custo Por mes e Veículo'!J$1,Combustivel!$A:$A,'Custo Por mes e Veículo'!$C14) -> 0 | K14: =SUMIFS(Combustivel!$U:$U,Combustivel!$AB:$AB,'Custo Por mes e Veículo'!K$2,Combustivel!$AC:$AC,'Custo Por mes e Veículo'!K$1,Combustivel!$A:$A,'Custo Por mes e Veículo'!$C14) -> 0 | ... X14: =SUMIFS(Combustivel!$U:$U,Combustivel!$AB:$AB,'Custo Por mes e Veículo'!X$2,Combustivel!$AC:$AC,'Custo Por mes e Veículo'!X$1,Combustivel!$A:$A,'Custo Por mes e Veículo'!$C14) -> 0
A15: ADM | B15: =_xlfn.XLOOKUP(C15,'[1]LOCADO - ATIVOS'!$C:$C,'[1]LOCADO - ATIVOS'!$B:$B) -> VA - 12 | C15: TFY2H52 | D15: =SUMIFS(Combustivel!$U:$U,Combustivel!$AB:$AB,'Custo Por mes e Veículo'!D$2,Combustivel!$AC:$AC,'Custo Por mes e Veículo'!D$1,Combustivel!$A:$A,'Custo Por mes e Veículo'!$C15) -> 1603.7349 | E15: =SUMIFS(Combustivel!$U:$U,Combustivel!$AB:$AB,'Custo Por mes e Veículo'!E$2,Combustivel!$AC:$AC,'Custo Por mes e Veículo'!E$1,Combustivel!$A:$A,'Custo Por mes e Veículo'!$C15) -> 715.58 | F15: =SUMIFS(Combustivel!$U:$U,Combustivel!$AB:$AB,'Custo Por mes e Veículo'!F$2,Combustivel!$AC:$AC,'Custo Por mes e Veículo'!F$1,Combustivel!$A:$A,'Custo Por mes e Veículo'!$C15) -> 394 | G15: =SUMIFS(Combustivel!$U:$U,Combustivel!$AB:$AB,'Custo Por mes e Veículo'!G$2,Combustivel!$AC:$AC,'Custo Por mes e Veículo'!G$1,Combustivel!$A:$A,'Custo Por mes e Veículo'!$C15) -> 618.55 | H15: =SUMIFS(Combustivel!$U:$U,Combustivel!$AB:$AB,'Custo Por mes e Veículo'!H$2,Combustivel!$AC:$AC,'Custo Por mes e Veículo'!H$1,Combustivel!$A:$A,'Custo Por mes e Veículo'!$C15) -> 841.38 | I15: =SUMIFS(Combustivel!$U:$U,Combustivel!$AB:$AB,'Custo Por mes e Veículo'!I$2,Combustivel!$AC:$AC,'Custo Por mes e Veículo'!I$1,Combustivel!$A:$A,'Custo Por mes e Veículo'!$C15) -> 1004.93 | J15: =SUMIFS(Combustivel!$U:$U,Combustivel!$AB:$AB,'Custo Por mes e Veículo'!J$2,Combustivel!$AC:$AC,'Custo Por mes e Veículo'!J$1,Combustivel!$A:$A,'Custo Por mes e Veículo'!$C15) -> 964.25 | K15: =SUMIFS(Combustivel!$U:$U,Combustivel!$AB:$AB,'Custo Por mes e Veículo'!K$2,Combustivel!$AC:$AC,'Custo Por mes e Veículo'!K$1,Combustivel!$A:$A,'Custo Por mes e Veículo'!$C15) -> 457.39 | ... X15: =SUMIFS(Combustivel!$U:$U,Combustivel!$AB:$AB,'Custo Por mes e Veículo'!X$2,Combustivel!$AC:$AC,'Custo Por mes e Veículo'!X$1,Combustivel!$A:$A,'Custo Por mes e Veículo'!$C15) -> 0
A16: ADM | B16: =_xlfn.XLOOKUP(C16,'[1]LOCADO - ATIVOS'!$C:$C,'[1]LOCADO - ATIVOS'!$B:$B) -> VA - 07 | C16: TFN0D12 | D16: =SUMIFS(Combustivel!$U:$U,Combustivel!$AB:$AB,'Custo Por mes e Veículo'!D$2,Combustivel!$AC:$AC,'Custo Por mes e Veículo'!D$1,Combustivel!$A:$A,'Custo Por mes e Veículo'!$C16) -> 3797.9639 | E16: =SUMIFS(Combustivel!$U:$U,Combustivel!$AB:$AB,'Custo Por mes e Veículo'!E$2,Combustivel!$AC:$AC,'Custo Por mes e Veículo'!E$1,Combustivel!$A:$A,'Custo Por mes e Veículo'!$C16) -> 0 | F16: =SUMIFS(Combustivel!$U:$U,Combustivel!$AB:$AB,'Custo Por mes e Veículo'!F$2,Combustivel!$AC:$AC,'Custo Por mes e Veículo'!F$1,Combustivel!$A:$A,'Custo Por mes e Veículo'!$C16) -> 176 | G16: =SUMIFS(Combustivel!$U:$U,Combustivel!$AB:$AB,'Custo Por mes e Veículo'!G$2,Combustivel!$AC:$AC,'Custo Por mes e Veículo'!G$1,Combustivel!$A:$A,'Custo Por mes e Veículo'!$C16) -> 982.22 | H16: =SUMIFS(Combustivel!$U:$U,Combustivel!$AB:$AB,'Custo Por mes e Veículo'!H$2,Combustivel!$AC:$AC,'Custo Por mes e Veículo'!H$1,Combustivel!$A:$A,'Custo Por mes e Veículo'!$C16) -> 2053.02 | I16: =SUMIFS(Combustivel!$U:$U,Combustivel!$AB:$AB,'Custo Por mes e Veículo'!I$2,Combustivel!$AC:$AC,'Custo Por mes e Veículo'!I$1,Combustivel!$A:$A,'Custo Por mes e Veículo'!$C16) -> 1282.86 | J16: =SUMIFS(Combustivel!$U:$U,Combustivel!$AB:$AB,'Custo Por mes e Veículo'!J$2,Combustivel!$AC:$AC,'Custo Por mes e Veículo'!J$1,Combustivel!$A:$A,'Custo Por mes e Veículo'!$C16) -> 3191.89 | K16: =SUMIFS(Combustivel!$U:$U,Combustivel!$AB:$AB,'Custo Por mes e Veículo'!K$2,Combustivel!$AC:$AC,'Custo Por mes e Veículo'!K$1,Combustivel!$A:$A,'Custo Por mes e Veículo'!$C16) -> 2466 | ... X16: =SUMIFS(Combustivel!$U:$U,Combustivel!$AB:$AB,'Custo Por mes e Veículo'!X$2,Combustivel!$AC:$AC,'Custo Por mes e Veículo'!X$1,Combustivel!$A:$A,'Custo Por mes e Veículo'!$C16) -> 0
A17: ADM | B17: =_xlfn.XLOOKUP(C17,'[1]LOCADO - ATIVOS'!$C:$C,'[1]LOCADO - ATIVOS'!$B:$B) -> VA - 15 | C17: TFW2H32 | D17: =SUMIFS(Combustivel!$U:$U,Combustivel!$AB:$AB,'Custo Por mes e Veículo'!D$2,Combustivel!$AC:$AC,'Custo Por mes e Veículo'!D$1,Combustivel!$A:$A,'Custo Por mes e Veículo'!$C17) -> 4691.3855 | E17: =SUMIFS(Combustivel!$U:$U,Combustivel!$AB:$AB,'Custo Por mes e Veículo'!E$2,Combustivel!$AC:$AC,'Custo Por mes e Veículo'!E$1,Combustivel!$A:$A,'Custo Por mes e Veículo'!$C17) -> 0 | F17: =SUMIFS(Combustivel!$U:$U,Combustivel!$AB:$AB,'Custo Por mes e Veículo'!F$2,Combustivel!$AC:$AC,'Custo Por mes e Veículo'!F$1,Combustivel!$A:$A,'Custo Por mes e Veículo'!$C17) -> 3496.41 | G17: =SUMIFS(Combustivel!$U:$U,Combustivel!$AB:$AB,'Custo Por mes e Veículo'!G$2,Combustivel!$AC:$AC,'Custo Por mes e Veículo'!G$1,Combustivel!$A:$A,'Custo Por mes e Veículo'!$C17) -> 3274.63 | H17: =SUMIFS(Combustivel!$U:$U,Combustivel!$AB:$AB,'Custo Por mes e Veículo'!H$2,Combustivel!$AC:$AC,'Custo Por mes e Veículo'!H$1,Combustivel!$A:$A,'Custo Por mes e Veículo'!$C17) -> 2669.12 | I17: =SUMIFS(Combustivel!$U:$U,Combustivel!$AB:$AB,'Custo Por mes e Veículo'!I$2,Combustivel!$AC:$AC,'Custo Por mes e Veículo'!I$1,Combustivel!$A:$A,'Custo Por mes e Veículo'!$C17) -> 2956.76 | J17: =SUMIFS(Combustivel!$U:$U,Combustivel!$AB:$AB,'Custo Por mes e Veículo'!J$2,Combustivel!$AC:$AC,'Custo Por mes e Veículo'!J$1,Combustivel!$A:$A,'Custo Por mes e Veículo'!$C17) -> 2953.12 | K17: =SUMIFS(Combustivel!$U:$U,Combustivel!$AB:$AB,'Custo Por mes e Veículo'!K$2,Combustivel!$AC:$AC,'Custo Por mes e Veículo'!K$1,Combustivel!$A:$A,'Custo Por mes e Veículo'!$C17) -> 2936.86 | ... X17: =SUMIFS(Combustivel!$U:$U,Combustivel!$AB:$AB,'Custo Por mes e Veículo'!X$2,Combustivel!$AC:$AC,'Custo Por mes e Veículo'!X$1,Combustivel!$A:$A,'Custo Por mes e Veículo'!$C17) -> 0
A18: ADM | B18: =_xlfn.XLOOKUP(C18,'[1]LOCADO - ATIVOS'!$C:$C,'[1]LOCADO - ATIVOS'!$B:$B) -> VA-18 | C18: TTG6C15 | D18: =SUMIFS(Combustivel!$U:$U,Combustivel!$AB:$AB,'Custo Por mes e Veículo'!D$2,Combustivel!$AC:$AC,'Custo Por mes e Veículo'!D$1,Combustivel!$A:$A,'Custo Por mes e Veículo'!$C18) -> 0 | E18: =SUMIFS(Combustivel!$U:$U,Combustivel!$AB:$AB,'Custo Por mes e Veículo'!E$2,Combustivel!$AC:$AC,'Custo Por mes e Veículo'!E$1,Combustivel!$A:$A,'Custo Por mes e Veículo'!$C18) -> 0 | F18: =SUMIFS(Combustivel!$U:$U,Combustivel!$AB:$AB,'Custo Por mes e Veículo'!F$2,Combustivel!$AC:$AC,'Custo Por mes e Veículo'!F$1,Combustivel!$A:$A,'Custo Por mes e Veículo'!$C18) -> 0 | G18: =SUMIFS(Combustivel!$U:$U,Combustivel!$AB:$AB,'Custo Por mes e Veículo'!G$2,Combustivel!$AC:$AC,'Custo Por mes e Veículo'!G$1,Combustivel!$A:$A,'Custo Por mes e Veículo'!$C18) -> 0 | H18: =SUMIFS(Combustivel!$U:$U,Combustivel!$AB:$AB,'Custo Por mes e Veículo'!H$2,Combustivel!$AC:$AC,'Custo Por mes e Veículo'!H$1,Combustivel!$A:$A,'Custo Por mes e Veículo'!$C18) -> 0 | I18: =SUMIFS(Combustivel!$U:$U,Combustivel!$AB:$AB,'Custo Por mes e Veículo'!I$2,Combustivel!$AC:$AC,'Custo Por mes e Veículo'!I$1,Combustivel!$A:$A,'Custo Por mes e Veículo'!$C18) -> 0 | J18: =SUMIFS(Combustivel!$U:$U,Combustivel!$AB:$AB,'Custo Por mes e Veículo'!J$2,Combustivel!$AC:$AC,'Custo Por mes e Veículo'!J$1,Combustivel!$A:$A,'Custo Por mes e Veículo'!$C18) -> 0 | K18: =SUMIFS(Combustivel!$U:$U,Combustivel!$AB:$AB,'Custo Por mes e Veículo'!K$2,Combustivel!$AC:$AC,'Custo Por mes e Veículo'!K$1,Combustivel!$A:$A,'Custo Por mes e Veículo'!$C18) -> 374.33 | ... X18: =SUMIFS(Combustivel!$U:$U,Combustivel!$AB:$AB,'Custo Por mes e Veículo'!X$2,Combustivel!$AC:$AC,'Custo Por mes e Veículo'!X$1,Combustivel!$A:$A,'Custo Por mes e Veículo'!$C18) -> 0
D19: =SUMIFS(Combustivel!$U:$U,Combustivel!$AB:$AB,'Custo Por mes e Veículo'!D$2,Combustivel!$AC:$AC,'Custo Por mes e Veículo'!D$1,Combustivel!$A:$A,'Custo Por mes e Veículo'!$C19) -> 0 | E19: =SUMIFS(Combustivel!$U:$U,Combustivel!$AB:$AB,'Custo Por mes e Veículo'!E$2,Combustivel!$AC:$AC,'Custo Por mes e Veículo'!E$1,Combustivel!$A:$A,'Custo Por mes e Veículo'!$C19) -> 0 | F19: =SUMIFS(Combustivel!$U:$U,Combustivel!$AB:$AB,'Custo Por mes e Veículo'!F$2,Combustivel!$AC:$AC,'Custo Por mes e Veículo'!F$1,Combustivel!$A:$A,'Custo Por mes e Veículo'!$C19) -> 0 | G19: =SUMIFS(Combustivel!$U:$U,Combustivel!$AB:$AB,'Custo Por mes e Veículo'!G$2,Combustivel!$AC:$AC,'Custo Por mes e Veículo'!G$1,Combustivel!$A:$A,'Custo Por mes e Veículo'!$C19) -> 0 | H19: =SUMIFS(Combustivel!$U:$U,Combustivel!$AB:$AB,'Custo Por mes e Veículo'!H$2,Combustivel!$AC:$AC,'Custo Por mes e Veículo'!H$1,Combustivel!$A:$A,'Custo Por mes e Veículo'!$C19) -> 0 | I19: =SUMIFS(Combustivel!$U:$U,Combustivel!$AB:$AB,'Custo Por mes e Veículo'!I$2,Combustivel!$AC:$AC,'Custo Por mes e Veículo'!I$1,Combustivel!$A:$A,'Custo Por mes e Veículo'!$C19) -> 0 | J19: =SUMIFS(Combustivel!$U:$U,Combustivel!$AB:$AB,'Custo Por mes e Veículo'!J$2,Combustivel!$AC:$AC,'Custo Por mes e Veículo'!J$1,Combustivel!$A:$A,'Custo Por mes e Veículo'!$C19) -> 0 | K19: =SUMIFS(Combustivel!$U:$U,Combustivel!$AB:$AB,'Custo Por mes e Veículo'!K$2,Combustivel!$AC:$AC,'Custo Por mes e Veículo'!K$1,Combustivel!$A:$A,'Custo Por mes e Veículo'!$C19) -> 0 | ... X19: =SUMIFS(Combustivel!$U:$U,Combustivel!$AB:$AB,'Custo Por mes e Veículo'!X$2,Combustivel!$AC:$AC,'Custo Por mes e Veículo'!X$1,Combustivel!$A:$A,'Custo Por mes e Veículo'!$C19) -> 0
A20: ADM | B20: =_xlfn.XLOOKUP(C20,'[1]LOCADO - ATIVOS'!$C:$C,'[1]LOCADO - ATIVOS'!$B:$B) -> VA - 16 | C20: TFA5I89 | D20: =SUMIFS(Combustivel!$U:$U,Combustivel!$AB:$AB,'Custo Por mes e Veículo'!D$2,Combustivel!$AC:$AC,'Custo Por mes e Veículo'!D$1,Combustivel!$A:$A,'Custo Por mes e Veículo'!$C20) -> 0 | E20: =SUMIFS(Combustivel!$U:$U,Combustivel!$AB:$AB,'Custo Por mes e Veículo'!E$2,Combustivel!$AC:$AC,'Custo Por mes e Veículo'!E$1,Combustivel!$A:$A,'Custo Por mes e Veículo'!$C20) -> 0 | F20: =SUMIFS(Combustivel!$U:$U,Combustivel!$AB:$AB,'Custo Por mes e Veículo'!F$2,Combustivel!$AC:$AC,'Custo Por mes e Veículo'!F$1,Combustivel!$A:$A,'Custo Por mes e Veículo'!$C20) -> 0 | G20: =SUMIFS(Combustivel!$U:$U,Combustivel!$AB:$AB,'Custo Por mes e Veículo'!G$2,Combustivel!$AC:$AC,'Custo Por mes e Veículo'!G$1,Combustivel!$A:$A,'Custo Por mes e Veículo'!$C20) -> 338.57 | H20: =SUMIFS(Combustivel!$U:$U,Combustivel!$AB:$AB,'Custo Por mes e Veículo'!H$2,Combustivel!$AC:$AC,'Custo Por mes e Veículo'!H$1,Combustivel!$A:$A,'Custo Por mes e Veículo'!$C20) -> 861.76 | I20: =SUMIFS(Combustivel!$U:$U,Combustivel!$AB:$AB,'Custo Por mes e Veículo'!I$2,Combustivel!$AC:$AC,'Custo Por mes e Veículo'!I$1,Combustivel!$A:$A,'Custo Por mes e Veículo'!$C20) -> 866.38 | J20: =SUMIFS(Combustivel!$U:$U,Combustivel!$AB:$AB,'Custo Por mes e Veículo'!J$2,Combustivel!$AC:$AC,'Custo Por mes e Veículo'!J$1,Combustivel!$A:$A,'Custo Por mes e Veículo'!$C20) -> 1803.84 | K20: =SUMIFS(Combustivel!$U:$U,Combustivel!$AB:$AB,'Custo Por mes e Veículo'!K$2,Combustivel!$AC:$AC,'Custo Por mes e Veículo'!K$1,Combustivel!$A:$A,'Custo Por mes e Veículo'!$C20) -> 1033.64 | ... X20: =SUMIFS(Combustivel!$U:$U,Combustivel!$AB:$AB,'Custo Por mes e Veículo'!X$2,Combustivel!$AC:$AC,'Custo Por mes e Veículo'!X$1,Combustivel!$A:$A,'Custo Por mes e Veículo'!$C20) -> 0
A21: ADM | B21: =_xlfn.XLOOKUP(C21,'[1]LOCADO - ATIVOS'!$C:$C,'[1]LOCADO - ATIVOS'!$B:$B) -> VA - 01 | C21: TGL4J09 | D21: =SUMIFS(Combustivel!$U:$U,Combustivel!$AB:$AB,'Custo Por mes e Veículo'!D$2,Combustivel!$AC:$AC,'Custo Por mes e Veículo'!D$1,Combustivel!$A:$A,'Custo Por mes e Veículo'!$C21) -> 846.72289 | E21: =SUMIFS(Combustivel!$U:$U,Combustivel!$AB:$AB,'Custo Por mes e Veículo'!E$2,Combustivel!$AC:$AC,'Custo Por mes e Veículo'!E$1,Combustivel!$A:$A,'Custo Por mes e Veículo'!$C21) -> 372.55 | F21: =SUMIFS(Combustivel!$U:$U,Combustivel!$AB:$AB,'Custo Por mes e Veículo'!F$2,Combustivel!$AC:$AC,'Custo Por mes e Veículo'!F$1,Combustivel!$A:$A,'Custo Por mes e Veículo'!$C21) -> 910.82 | G21: =SUMIFS(Combustivel!$U:$U,Combustivel!$AB:$AB,'Custo Por mes e Veículo'!G$2,Combustivel!$AC:$AC,'Custo Por mes e Veículo'!G$1,Combustivel!$A:$A,'Custo Por mes e Veículo'!$C21) -> 660.71 | H21: =SUMIFS(Combustivel!$U:$U,Combustivel!$AB:$AB,'Custo Por mes e Veículo'!H$2,Combustivel!$AC:$AC,'Custo Por mes e Veículo'!H$1,Combustivel!$A:$A,'Custo Por mes e Veículo'!$C21) -> 839 | I21: =SUMIFS(Combustivel!$U:$U,Combustivel!$AB:$AB,'Custo Por mes e Veículo'!I$2,Combustivel!$AC:$AC,'Custo Por mes e Veículo'!I$1,Combustivel!$A:$A,'Custo Por mes e Veículo'!$C21) -> 1091.01 | J21: =SUMIFS(Combustivel!$U:$U,Combustivel!$AB:$AB,'Custo Por mes e Veículo'!J$2,Combustivel!$AC:$AC,'Custo Por mes e Veículo'!J$1,Combustivel!$A:$A,'Custo Por mes e Veículo'!$C21) -> 2603.12 | K21: =SUMIFS(Combustivel!$U:$U,Combustivel!$AB:$AB,'Custo Por mes e Veículo'!K$2,Combustivel!$AC:$AC,'Custo Por mes e Veículo'!K$1,Combustivel!$A:$A,'Custo Por mes e Veículo'!$C21) -> 1257.07 | ... X21: =SUMIFS(Combustivel!$U:$U,Combustivel!$AB:$AB,'Custo Por mes e Veículo'!X$2,Combustivel!$AC:$AC,'Custo Por mes e Veículo'!X$1,Combustivel!$A:$A,'Custo Por mes e Veículo'!$C21) -> 0
D22: =SUMIFS(Combustivel!$U:$U,Combustivel!$AB:$AB,'Custo Por mes e Veículo'!D$2,Combustivel!$AC:$AC,'Custo Por mes e Veículo'!D$1,Combustivel!$A:$A,'Custo Por mes e Veículo'!$C22) -> 0 | E22: =SUMIFS(Combustivel!$U:$U,Combustivel!$AB:$AB,'Custo Por mes e Veículo'!E$2,Combustivel!$AC:$AC,'Custo Por mes e Veículo'!E$1,Combustivel!$A:$A,'Custo Por mes e Veículo'!$C22) -> 0 | F22: =SUMIFS(Combustivel!$U:$U,Combustivel!$AB:$AB,'Custo Por mes e Veículo'!F$2,Combustivel!$AC:$AC,'Custo Por mes e Veículo'!F$1,Combustivel!$A:$A,'Custo Por mes e Veículo'!$C22) -> 0 | G22: =SUMIFS(Combustivel!$U:$U,Combustivel!$AB:$AB,'Custo Por mes e Veículo'!G$2,Combustivel!$AC:$AC,'Custo Por mes e Veículo'!G$1,Combustivel!$A:$A,'Custo Por mes e Veículo'!$C22) -> 0 | H22: =SUMIFS(Combustivel!$U:$U,Combustivel!$AB:$AB,'Custo Por mes e Veículo'!H$2,Combustivel!$AC:$AC,'Custo Por mes e Veículo'!H$1,Combustivel!$A:$A,'Custo Por mes e Veículo'!$C22) -> 0 | I22: =SUMIFS(Combustivel!$U:$U,Combustivel!$AB:$AB,'Custo Por mes e Veículo'!I$2,Combustivel!$AC:$AC,'Custo Por mes e Veículo'!I$1,Combustivel!$A:$A,'Custo Por mes e Veículo'!$C22) -> 0 | J22: =SUMIFS(Combustivel!$U:$U,Combustivel!$AB:$AB,'Custo Por mes e Veículo'!J$2,Combustivel!$AC:$AC,'Custo Por mes e Veículo'!J$1,Combustivel!$A:$A,'Custo Por mes e Veículo'!$C22) -> 0 | K22: =SUMIFS(Combustivel!$U:$U,Combustivel!$AB:$AB,'Custo Por mes e Veículo'!K$2,Combustivel!$AC:$AC,'Custo Por mes e Veículo'!K$1,Combustivel!$A:$A,'Custo Por mes e Veículo'!$C22) -> 0 | ... X22: =SUMIFS(Combustivel!$U:$U,Combustivel!$AB:$AB,'Custo Por mes e Veículo'!X$2,Combustivel!$AC:$AC,'Custo Por mes e Veículo'!X$1,Combustivel!$A:$A,'Custo Por mes e Veículo'!$C22) -> 0
A23: ADM | B23: =_xlfn.XLOOKUP(C23,'[1]LOCADO - ATIVOS'!$C:$C,'[1]LOCADO - ATIVOS'!$B:$B) -> VA - 04 | C23: TFY6E09 | D23: =SUMIFS(Combustivel!$U:$U,Combustivel!$AB:$AB,'Custo Por mes e Veículo'!D$2,Combustivel!$AC:$AC,'Custo Por mes e Veículo'!D$1,Combustivel!$A:$A,'Custo Por mes e Veículo'!$C23) -> 1378.3813 | E23: =SUMIFS(Combustivel!$U:$U,Combustivel!$AB:$AB,'Custo Por mes e Veículo'!E$2,Combustivel!$AC:$AC,'Custo Por mes e Veículo'!E$1,Combustivel!$A:$A,'Custo Por mes e Veículo'!$C23) -> 514.63 | F23: =SUMIFS(Combustivel!$U:$U,Combustivel!$AB:$AB,'Custo Por mes e Veículo'!F$2,Combustivel!$AC:$AC,'Custo Por mes e Veículo'!F$1,Combustivel!$A:$A,'Custo Por mes e Veículo'!$C23) -> 910.96 | G23: =SUMIFS(Combustivel!$U:$U,Combustivel!$AB:$AB,'Custo Por mes e Veículo'!G$2,Combustivel!$AC:$AC,'Custo Por mes e Veículo'!G$1,Combustivel!$A:$A,'Custo Por mes e Veículo'!$C23) -> 869.5 | H23: =SUMIFS(Combustivel!$U:$U,Combustivel!$AB:$AB,'Custo Por mes e Veículo'!H$2,Combustivel!$AC:$AC,'Custo Por mes e Veículo'!H$1,Combustivel!$A:$A,'Custo Por mes e Veículo'!$C23) -> 776.68 | I23: =SUMIFS(Combustivel!$U:$U,Combustivel!$AB:$AB,'Custo Por mes e Veículo'!I$2,Combustivel!$AC:$AC,'Custo Por mes e Veículo'!I$1,Combustivel!$A:$A,'Custo Por mes e Veículo'!$C23) -> 2508.75 | J23: =SUMIFS(Combustivel!$U:$U,Combustivel!$AB:$AB,'Custo Por mes e Veículo'!J$2,Combustivel!$AC:$AC,'Custo Por mes e Veículo'!J$1,Combustivel!$A:$A,'Custo Por mes e Veículo'!$C23) -> 4143.27 | K23: =SUMIFS(Combustivel!$U:$U,Combustivel!$AB:$AB,'Custo Por mes e Veículo'!K$2,Combustivel!$AC:$AC,'Custo Por mes e Veículo'!K$1,Combustivel!$A:$A,'Custo Por mes e Veículo'!$C23) -> 2507.75 | ... X23: =SUMIFS(Combustivel!$U:$U,Combustivel!$AB:$AB,'Custo Por mes e Veículo'!X$2,Combustivel!$AC:$AC,'Custo Por mes e Veículo'!X$1,Combustivel!$A:$A,'Custo Por mes e Veículo'!$C23) -> 0
A24: ADM | B24: =_xlfn.XLOOKUP(C24,'[1]LOCADO - ATIVOS'!$C:$C,'[1]LOCADO - ATIVOS'!$B:$B) -> VA - 08 | C24: TFX7J72 | D24: =SUMIFS(Combustivel!$U:$U,Combustivel!$AB:$AB,'Custo Por mes e Veículo'!D$2,Combustivel!$AC:$AC,'Custo Por mes e Veículo'!D$1,Combustivel!$A:$A,'Custo Por mes e Veículo'!$C24) -> 1326.24 | E24: =SUMIFS(Combustivel!$U:$U,Combustivel!$AB:$AB,'Custo Por mes e Veículo'!E$2,Combustivel!$AC:$AC,'Custo Por mes e Veículo'!E$1,Combustivel!$A:$A,'Custo Por mes e Veículo'!$C24) -> 1647.04 | F24: =SUMIFS(Combustivel!$U:$U,Combustivel!$AB:$AB,'Custo Por mes e Veículo'!F$2,Combustivel!$AC:$AC,'Custo Por mes e Veículo'!F$1,Combustivel!$A:$A,'Custo Por mes e Veículo'!$C24) -> 2660.95 | G24: =SUMIFS(Combustivel!$U:$U,Combustivel!$AB:$AB,'Custo Por mes e Veículo'!G$2,Combustivel!$AC:$AC,'Custo Por mes e Veículo'!G$1,Combustivel!$A:$A,'Custo Por mes e Veículo'!$C24) -> 3601 | H24: =SUMIFS(Combustivel!$U:$U,Combustivel!$AB:$AB,'Custo Por mes e Veículo'!H$2,Combustivel!$AC:$AC,'Custo Por mes e Veículo'!H$1,Combustivel!$A:$A,'Custo Por mes e Veículo'!$C24) -> 2997.28 | I24: =SUMIFS(Combustivel!$U:$U,Combustivel!$AB:$AB,'Custo Por mes e Veículo'!I$2,Combustivel!$AC:$AC,'Custo Por mes e Veículo'!I$1,Combustivel!$A:$A,'Custo Por mes e Veículo'!$C24) -> 2987.67 | J24: =SUMIFS(Combustivel!$U:$U,Combustivel!$AB:$AB,'Custo Por mes e Veículo'!J$2,Combustivel!$AC:$AC,'Custo Por mes e Veículo'!J$1,Combustivel!$A:$A,'Custo Por mes e Veículo'!$C24) -> 3780.69 | K24: =SUMIFS(Combustivel!$U:$U,Combustivel!$AB:$AB,'Custo Por mes e Veículo'!K$2,Combustivel!$AC:$AC,'Custo Por mes e Veículo'!K$1,Combustivel!$A:$A,'Custo Por mes e Veículo'!$C24) -> 3365.29 | ... X24: =SUMIFS(Combustivel!$U:$U,Combustivel!$AB:$AB,'Custo Por mes e Veículo'!X$2,Combustivel!$AC:$AC,'Custo Por mes e Veículo'!X$1,Combustivel!$A:$A,'Custo Por mes e Veículo'!$C24) -> 0
A25: ADM | B25: =_xlfn.XLOOKUP(C25,'[1]LOCADO - ATIVOS'!$C:$C,'[1]LOCADO - ATIVOS'!$B:$B) -> VA - 09 | C25: TFE6B22 | D25: =SUMIFS(Combustivel!$U:$U,Combustivel!$AB:$AB,'Custo Por mes e Veículo'!D$2,Combustivel!$AC:$AC,'Custo Por mes e Veículo'!D$1,Combustivel!$A:$A,'Custo Por mes e Veículo'!$C25) -> 0 | E25: =SUMIFS(Combustivel!$U:$U,Combustivel!$AB:$AB,'Custo Por mes e Veículo'!E$2,Combustivel!$AC:$AC,'Custo Por mes e Veículo'!E$1,Combustivel!$A:$A,'Custo Por mes e Veículo'!$C25) -> 1050.56 | F25: =SUMIFS(Combustivel!$U:$U,Combustivel!$AB:$AB,'Custo Por mes e Veículo'!F$2,Combustivel!$AC:$AC,'Custo Por mes e Veículo'!F$1,Combustivel!$A:$A,'Custo Por mes e Veículo'!$C25) -> 1679.71 | G25: =SUMIFS(Combustivel!$U:$U,Combustivel!$AB:$AB,'Custo Por mes e Veículo'!G$2,Combustivel!$AC:$AC,'Custo Por mes e Veículo'!G$1,Combustivel!$A:$A,'Custo Por mes e Veículo'!$C25) -> 1476.11 | H25: =SUMIFS(Combustivel!$U:$U,Combustivel!$AB:$AB,'Custo Por mes e Veículo'!H$2,Combustivel!$AC:$AC,'Custo Por mes e Veículo'!H$1,Combustivel!$A:$A,'Custo Por mes e Veículo'!$C25) -> 1884.36 | I25: =SUMIFS(Combustivel!$U:$U,Combustivel!$AB:$AB,'Custo Por mes e Veículo'!I$2,Combustivel!$AC:$AC,'Custo Por mes e Veículo'!I$1,Combustivel!$A:$A,'Custo Por mes e Veículo'!$C25) -> 2496.98 | J25: =SUMIFS(Combustivel!$U:$U,Combustivel!$AB:$AB,'Custo Por mes e Veículo'!J$2,Combustivel!$AC:$AC,'Custo Por mes e Veículo'!J$1,Combustivel!$A:$A,'Custo Por mes e Veículo'!$C25) -> 2588.56 | K25: =SUMIFS(Combustivel!$U:$U,Combustivel!$AB:$AB,'Custo Por mes e Veículo'!K$2,Combustivel!$AC:$AC,'Custo Por mes e Veículo'!K$1,Combustivel!$A:$A,'Custo Por mes e Veículo'!$C25) -> 2937.65 | ... X25: =SUMIFS(Combustivel!$U:$U,Combustivel!$AB:$AB,'Custo Por mes e Veículo'!X$2,Combustivel!$AC:$AC,'Custo Por mes e Veículo'!X$1,Combustivel!$A:$A,'Custo Por mes e Veículo'!$C25) -> 0
A26: ADM | B26: =_xlfn.XLOOKUP(C26,'[1]LOCADO - ATIVOS'!$C:$C,'[1]LOCADO - ATIVOS'!$B:$B) -> IT-13 | C26: TUQ2H91 | D26: =SUMIFS(Combustivel!$U:$U,Combustivel!$AB:$AB,'Custo Por mes e Veículo'!D$2,Combustivel!$AC:$AC,'Custo Por mes e Veículo'!D$1,Combustivel!$A:$A,'Custo Por mes e Veículo'!$C26) -> 0 | E26: =SUMIFS(Combustivel!$U:$U,Combustivel!$AB:$AB,'Custo Por mes e Veículo'!E$2,Combustivel!$AC:$AC,'Custo Por mes e Veículo'!E$1,Combustivel!$A:$A,'Custo Por mes e Veículo'!$C26) -> 0 | F26: =SUMIFS(Combustivel!$U:$U,Combustivel!$AB:$AB,'Custo Por mes e Veículo'!F$2,Combustivel!$AC:$AC,'Custo Por mes e Veículo'!F$1,Combustivel!$A:$A,'Custo Por mes e Veículo'!$C26) -> 0 | G26: =SUMIFS(Combustivel!$U:$U,Combustivel!$AB:$AB,'Custo Por mes e Veículo'!G$2,Combustivel!$AC:$AC,'Custo Por mes e Veículo'!G$1,Combustivel!$A:$A,'Custo Por mes e Veículo'!$C26) -> 0 | H26: =SUMIFS(Combustivel!$U:$U,Combustivel!$AB:$AB,'Custo Por mes e Veículo'!H$2,Combustivel!$AC:$AC,'Custo Por mes e Veículo'!H$1,Combustivel!$A:$A,'Custo Por mes e Veículo'!$C26) -> 0 | I26: =SUMIFS(Combustivel!$U:$U,Combustivel!$AB:$AB,'Custo Por mes e Veículo'!I$2,Combustivel!$AC:$AC,'Custo Por mes e Veículo'!I$1,Combustivel!$A:$A,'Custo Por mes e Veículo'!$C26) -> 0 | J26: =SUMIFS(Combustivel!$U:$U,Combustivel!$AB:$AB,'Custo Por mes e Veículo'!J$2,Combustivel!$AC:$AC,'Custo Por mes e Veículo'!J$1,Combustivel!$A:$A,'Custo Por mes e Veículo'!$C26) -> 0 | K26: =SUMIFS(Combustivel!$U:$U,Combustivel!$AB:$AB,'Custo Por mes e Veículo'!K$2,Combustivel!$AC:$AC,'Custo Por mes e Veículo'!K$1,Combustivel!$A:$A,'Custo Por mes e Veículo'!$C26) -> 0 | ... X26: =SUMIFS(Combustivel!$U:$U,Combustivel!$AB:$AB,'Custo Por mes e Veículo'!X$2,Combustivel!$AC:$AC,'Custo Por mes e Veículo'!X$1,Combustivel!$A:$A,'Custo Por mes e Veículo'!$C26) -> 0
A27: ADM | B27: =_xlfn.XLOOKUP(C27,'[1]LOCADO - ATIVOS'!$C:$C,'[1]LOCADO - ATIVOS'!$B:$B) -> IT-14 | C27: TTV4H65 | D27: =SUMIFS(Combustivel!$U:$U,Combustivel!$AB:$AB,'Custo Por mes e Veículo'!D$2,Combustivel!$AC:$AC,'Custo Por mes e Veículo'!D$1,Combustivel!$A:$A,'Custo Por mes e Veículo'!$C27) -> 0 | E27: =SUMIFS(Combustivel!$U:$U,Combustivel!$AB:$AB,'Custo Por mes e Veículo'!E$2,Combustivel!$AC:$AC,'Custo Por mes e Veículo'!E$1,Combustivel!$A:$A,'Custo Por mes e Veículo'!$C27) -> 0 | F27: =SUMIFS(Combustivel!$U:$U,Combustivel!$AB:$AB,'Custo Por mes e Veículo'!F$2,Combustivel!$AC:$AC,'Custo Por mes e Veículo'!F$1,Combustivel!$A:$A,'Custo Por mes e Veículo'!$C27) -> 0 | G27: =SUMIFS(Combustivel!$U:$U,Combustivel!$AB:$AB,'Custo Por mes e Veículo'!G$2,Combustivel!$AC:$AC,'Custo Por mes e Veículo'!G$1,Combustivel!$A:$A,'Custo Por mes e Veículo'!$C27) -> 0 | H27: =SUMIFS(Combustivel!$U:$U,Combustivel!$AB:$AB,'Custo Por mes e Veículo'!H$2,Combustivel!$AC:$AC,'Custo Por mes e Veículo'!H$1,Combustivel!$A:$A,'Custo Por mes e Veículo'!$C27) -> 0 | I27: =SUMIFS(Combustivel!$U:$U,Combustivel!$AB:$AB,'Custo Por mes e Veículo'!I$2,Combustivel!$AC:$AC,'Custo Por mes e Veículo'!I$1,Combustivel!$A:$A,'Custo Por mes e Veículo'!$C27) -> 0 | J27: =SUMIFS(Combustivel!$U:$U,Combustivel!$AB:$AB,'Custo Por mes e Veículo'!J$2,Combustivel!$AC:$AC,'Custo Por mes e Veículo'!J$1,Combustivel!$A:$A,'Custo Por mes e Veículo'!$C27) -> 0 | K27: =SUMIFS(Combustivel!$U:$U,Combustivel!$AB:$AB,'Custo Por mes e Veículo'!K$2,Combustivel!$AC:$AC,'Custo Por mes e Veículo'!K$1,Combustivel!$A:$A,'Custo Por mes e Veículo'!$C27) -> 0 | ... X27: =SUMIFS(Combustivel!$U:$U,Combustivel!$AB:$AB,'Custo Por mes e Veículo'!X$2,Combustivel!$AC:$AC,'Custo Por mes e Veículo'!X$1,Combustivel!$A:$A,'Custo Por mes e Veículo'!$C27) -> 0
A28: ADM | B28: =_xlfn.XLOOKUP(C28,'[1]LOCADO - ATIVOS'!$C:$C,'[1]LOCADO - ATIVOS'!$B:$B) -> VA - 14 | C28: TGF2J32 | D28: =SUMIFS(Combustivel!$U:$U,Combustivel!$AB:$AB,'Custo Por mes e Veículo'!D$2,Combustivel!$AC:$AC,'Custo Por mes e Veículo'!D$1,Combustivel!$A:$A,'Custo Por mes e Veículo'!$C28) -> 226.71061 | E28: =SUMIFS(Combustivel!$U:$U,Combustivel!$AB:$AB,'Custo Por mes e Veículo'!E$2,Combustivel!$AC:$AC,'Custo Por mes e Veículo'!E$1,Combustivel!$A:$A,'Custo Por mes e Veículo'!$C28) -> 509.86 | F28: =SUMIFS(Combustivel!$U:$U,Combustivel!$AB:$AB,'Custo Por mes e Veículo'!F$2,Combustivel!$AC:$AC,'Custo Por mes e Veículo'!F$1,Combustivel!$A:$A,'Custo Por mes e Veículo'!$C28) -> 318.88 | G28: =SUMIFS(Combustivel!$U:$U,Combustivel!$AB:$AB,'Custo Por mes e Veículo'!G$2,Combustivel!$AC:$AC,'Custo Por mes e Veículo'!G$1,Combustivel!$A:$A,'Custo Por mes e Veículo'!$C28) -> 883.69 | H28: =SUMIFS(Combustivel!$U:$U,Combustivel!$AB:$AB,'Custo Por mes e Veículo'!H$2,Combustivel!$AC:$AC,'Custo Por mes e Veículo'!H$1,Combustivel!$A:$A,'Custo Por mes e Veículo'!$C28) -> 798.35 | I28: =SUMIFS(Combustivel!$U:$U,Combustivel!$AB:$AB,'Custo Por mes e Veículo'!I$2,Combustivel!$AC:$AC,'Custo Por mes e Veículo'!I$1,Combustivel!$A:$A,'Custo Por mes e Veículo'!$C28) -> 842.08 | J28: =SUMIFS(Combustivel!$U:$U,Combustivel!$AB:$AB,'Custo Por mes e Veículo'!J$2,Combustivel!$AC:$AC,'Custo Por mes e Veículo'!J$1,Combustivel!$A:$A,'Custo Por mes e Veículo'!$C28) -> 1455.21 | K28: =SUMIFS(Combustivel!$U:$U,Combustivel!$AB:$AB,'Custo Por mes e Veículo'!K$2,Combustivel!$AC:$AC,'Custo Por mes e Veículo'!K$1,Combustivel!$A:$A,'Custo Por mes e Veículo'!$C28) -> 708.18 | ... X28: =SUMIFS(Combustivel!$U:$U,Combustivel!$AB:$AB,'Custo Por mes e Veículo'!X$2,Combustivel!$AC:$AC,'Custo Por mes e Veículo'!X$1,Combustivel!$A:$A,'Custo Por mes e Veículo'!$C28) -> 0
A29: ADM | B29: =_xlfn.XLOOKUP(C29,'[1]LOCADO - ATIVOS'!$C:$C,'[1]LOCADO - ATIVOS'!$B:$B) -> VA - 02 | C29: TFR8B59 | D29: =SUMIFS(Combustivel!$U:$U,Combustivel!$AB:$AB,'Custo Por mes e Veículo'!D$2,Combustivel!$AC:$AC,'Custo Por mes e Veículo'!D$1,Combustivel!$A:$A,'Custo Por mes e Veículo'!$C29) -> 1613.6306 | E29: =SUMIFS(Combustivel!$U:$U,Combustivel!$AB:$AB,'Custo Por mes e Veículo'!E$2,Combustivel!$AC:$AC,'Custo Por mes e Veículo'!E$1,Combustivel!$A:$A,'Custo Por mes e Veículo'!$C29) -> 714.83 | F29: =SUMIFS(Combustivel!$U:$U,Combustivel!$AB:$AB,'Custo Por mes e Veículo'!F$2,Combustivel!$AC:$AC,'Custo Por mes e Veículo'!F$1,Combustivel!$A:$A,'Custo Por mes e Veículo'!$C29) -> 724.6 | G29: =SUMIFS(Combustivel!$U:$U,Combustivel!$AB:$AB,'Custo Por mes e Veículo'!G$2,Combustivel!$AC:$AC,'Custo Por mes e Veículo'!G$1,Combustivel!$A:$A,'Custo Por mes e Veículo'!$C29) -> 704.11 | H29: =SUMIFS(Combustivel!$U:$U,Combustivel!$AB:$AB,'Custo Por mes e Veículo'!H$2,Combustivel!$AC:$AC,'Custo Por mes e Veículo'!H$1,Combustivel!$A:$A,'Custo Por mes e Veículo'!$C29) -> 1527.83 | I29: =SUMIFS(Combustivel!$U:$U,Combustivel!$AB:$AB,'Custo Por mes e Veículo'!I$2,Combustivel!$AC:$AC,'Custo Por mes e Veículo'!I$1,Combustivel!$A:$A,'Custo Por mes e Veículo'!$C29) -> 910.11 | J29: =SUMIFS(Combustivel!$U:$U,Combustivel!$AB:$AB,'Custo Por mes e Veículo'!J$2,Combustivel!$AC:$AC,'Custo Por mes e Veículo'!J$1,Combustivel!$A:$A,'Custo Por mes e Veículo'!$C29) -> 1655.76 | K29: =SUMIFS(Combustivel!$U:$U,Combustivel!$AB:$AB,'Custo Por mes e Veículo'!K$2,Combustivel!$AC:$AC,'Custo Por mes e Veículo'!K$1,Combustivel!$A:$A,'Custo Por mes e Veículo'!$C29) -> 1324.04 | ... X29: =SUMIFS(Combustivel!$U:$U,Combustivel!$AB:$AB,'Custo Por mes e Veículo'!X$2,Combustivel!$AC:$AC,'Custo Por mes e Veículo'!X$1,Combustivel!$A:$A,'Custo Por mes e Veículo'!$C29) -> 0
A30: ADM | B30: =_xlfn.XLOOKUP(C30,'[1]LOCADO - ATIVOS'!$C:$C,'[1]LOCADO - ATIVOS'!$B:$B) -> TI-01 | C30: TGK2G46 | D30: =SUMIFS(Combustivel!$U:$U,Combustivel!$AB:$AB,'Custo Por mes e Veículo'!D$2,Combustivel!$AC:$AC,'Custo Por mes e Veículo'!D$1,Combustivel!$A:$A,'Custo Por mes e Veículo'!$C30) -> 0 | E30: =SUMIFS(Combustivel!$U:$U,Combustivel!$AB:$AB,'Custo Por mes e Veículo'!E$2,Combustivel!$AC:$AC,'Custo Por mes e Veículo'!E$1,Combustivel!$A:$A,'Custo Por mes e Veículo'!$C30) -> 0 | F30: =SUMIFS(Combustivel!$U:$U,Combustivel!$AB:$AB,'Custo Por mes e Veículo'!F$2,Combustivel!$AC:$AC,'Custo Por mes e Veículo'!F$1,Combustivel!$A:$A,'Custo Por mes e Veículo'!$C30) -> 0 | G30: =SUMIFS(Combustivel!$U:$U,Combustivel!$AB:$AB,'Custo Por mes e Veículo'!G$2,Combustivel!$AC:$AC,'Custo Por mes e Veículo'!G$1,Combustivel!$A:$A,'Custo Por mes e Veículo'!$C30) -> 0 | H30: =SUMIFS(Combustivel!$U:$U,Combustivel!$AB:$AB,'Custo Por mes e Veículo'!H$2,Combustivel!$AC:$AC,'Custo Por mes e Veículo'!H$1,Combustivel!$A:$A,'Custo Por mes e Veículo'!$C30) -> 0 | I30: =SUMIFS(Combustivel!$U:$U,Combustivel!$AB:$AB,'Custo Por mes e Veículo'!I$2,Combustivel!$AC:$AC,'Custo Por mes e Veículo'!I$1,Combustivel!$A:$A,'Custo Por mes e Veículo'!$C30) -> 0 | J30: =SUMIFS(Combustivel!$U:$U,Combustivel!$AB:$AB,'Custo Por mes e Veículo'!J$2,Combustivel!$AC:$AC,'Custo Por mes e Veículo'!J$1,Combustivel!$A:$A,'Custo Por mes e Veículo'!$C30) -> 693.74 | K30: =SUMIFS(Combustivel!$U:$U,Combustivel!$AB:$AB,'Custo Por mes e Veículo'!K$2,Combustivel!$AC:$AC,'Custo Por mes e Veículo'!K$1,Combustivel!$A:$A,'Custo Por mes e Veículo'!$C30) -> 0 | ... X30: =SUMIFS(Combustivel!$U:$U,Combustivel!$AB:$AB,'Custo Por mes e Veículo'!X$2,Combustivel!$AC:$AC,'Custo Por mes e Veículo'!X$1,Combustivel!$A:$A,'Custo Por mes e Veículo'!$C30) -> 0
A31: ADM | B31: =_xlfn.XLOOKUP(C31,'[1]LOCADO - ATIVOS'!$C:$C,'[1]LOCADO - ATIVOS'!$B:$B) -> TI-02 | C31: TGM4D76 | D31: =SUMIFS(Combustivel!$U:$U,Combustivel!$AB:$AB,'Custo Por mes e Veículo'!D$2,Combustivel!$AC:$AC,'Custo Por mes e Veículo'!D$1,Combustivel!$A:$A,'Custo Por mes e Veículo'!$C31) -> 0 | E31: =SUMIFS(Combustivel!$U:$U,Combustivel!$AB:$AB,'Custo Por mes e Veículo'!E$2,Combustivel!$AC:$AC,'Custo Por mes e Veículo'!E$1,Combustivel!$A:$A,'Custo Por mes e Veículo'!$C31) -> 0 | F31: =SUMIFS(Combustivel!$U:$U,Combustivel!$AB:$AB,'Custo Por mes e Veículo'!F$2,Combustivel!$AC:$AC,'Custo Por mes e Veículo'!F$1,Combustivel!$A:$A,'Custo Por mes e Veículo'!$C31) -> 0 | G31: =SUMIFS(Combustivel!$U:$U,Combustivel!$AB:$AB,'Custo Por mes e Veículo'!G$2,Combustivel!$AC:$AC,'Custo Por mes e Veículo'!G$1,Combustivel!$A:$A,'Custo Por mes e Veículo'!$C31) -> 0 | H31: =SUMIFS(Combustivel!$U:$U,Combustivel!$AB:$AB,'Custo Por mes e Veículo'!H$2,Combustivel!$AC:$AC,'Custo Por mes e Veículo'!H$1,Combustivel!$A:$A,'Custo Por mes e Veículo'!$C31) -> 0 | I31: =SUMIFS(Combustivel!$U:$U,Combustivel!$AB:$AB,'Custo Por mes e Veículo'!I$2,Combustivel!$AC:$AC,'Custo Por mes e Veículo'!I$1,Combustivel!$A:$A,'Custo Por mes e Veículo'!$C31) -> 0 | J31: =SUMIFS(Combustivel!$U:$U,Combustivel!$AB:$AB,'Custo Por mes e Veículo'!J$2,Combustivel!$AC:$AC,'Custo Por mes e Veículo'!J$1,Combustivel!$A:$A,'Custo Por mes e Veículo'!$C31) -> 1754.73 | K31: =SUMIFS(Combustivel!$U:$U,Combustivel!$AB:$AB,'Custo Por mes e Veículo'!K$2,Combustivel!$AC:$AC,'Custo Por mes e Veículo'!K$1,Combustivel!$A:$A,'Custo Por mes e Veículo'!$C31) -> 1708.25 | ... X31: =SUMIFS(Combustivel!$U:$U,Combustivel!$AB:$AB,'Custo Por mes e Veículo'!X$2,Combustivel!$AC:$AC,'Custo Por mes e Veículo'!X$1,Combustivel!$A:$A,'Custo Por mes e Veículo'!$C31) -> 0
A32: ADM | B32: =_xlfn.XLOOKUP(C32,'[1]LOCADO - ATIVOS'!$C:$C,'[1]LOCADO - ATIVOS'!$B:$B) -> TI-03 | C32: TGM2I26 | D32: =SUMIFS(Combustivel!$U:$U,Combustivel!$AB:$AB,'Custo Por mes e Veículo'!D$2,Combustivel!$AC:$AC,'Custo Por mes e Veículo'!D$1,Combustivel!$A:$A,'Custo Por mes e Veículo'!$C32) -> 0 | E32: =SUMIFS(Combustivel!$U:$U,Combustivel!$AB:$AB,'Custo Por mes e Veículo'!E$2,Combustivel!$AC:$AC,'Custo Por mes e Veículo'!E$1,Combustivel!$A:$A,'Custo Por mes e Veículo'!$C32) -> 0 | F32: =SUMIFS(Combustivel!$U:$U,Combustivel!$AB:$AB,'Custo Por mes e Veículo'!F$2,Combustivel!$AC:$AC,'Custo Por mes e Veículo'!F$1,Combustivel!$A:$A,'Custo Por mes e Veículo'!$C32) -> 0 | G32: =SUMIFS(Combustivel!$U:$U,Combustivel!$AB:$AB,'Custo Por mes e Veículo'!G$2,Combustivel!$AC:$AC,'Custo Por mes e Veículo'!G$1,Combustivel!$A:$A,'Custo Por mes e Veículo'!$C32) -> 0 | H32: =SUMIFS(Combustivel!$U:$U,Combustivel!$AB:$AB,'Custo Por mes e Veículo'!H$2,Combustivel!$AC:$AC,'Custo Por mes e Veículo'!H$1,Combustivel!$A:$A,'Custo Por mes e Veículo'!$C32) -> 0 | I32: =SUMIFS(Combustivel!$U:$U,Combustivel!$AB:$AB,'Custo Por mes e Veículo'!I$2,Combustivel!$AC:$AC,'Custo Por mes e Veículo'!I$1,Combustivel!$A:$A,'Custo Por mes e Veículo'!$C32) -> 0 | J32: =SUMIFS(Combustivel!$U:$U,Combustivel!$AB:$AB,'Custo Por mes e Veículo'!J$2,Combustivel!$AC:$AC,'Custo Por mes e Veículo'!J$1,Combustivel!$A:$A,'Custo Por mes e Veículo'!$C32) -> 1267.81 | K32: =SUMIFS(Combustivel!$U:$U,Combustivel!$AB:$AB,'Custo Por mes e Veículo'!K$2,Combustivel!$AC:$AC,'Custo Por mes e Veículo'!K$1,Combustivel!$A:$A,'Custo Por mes e Veículo'!$C32) -> 3506.7 | ... X32: =SUMIFS(Combustivel!$U:$U,Combustivel!$AB:$AB,'Custo Por mes e Veículo'!X$2,Combustivel!$AC:$AC,'Custo Por mes e Veículo'!X$1,Combustivel!$A:$A,'Custo Por mes e Veículo'!$C32) -> 0
A33: ADM | B33: =_xlfn.XLOOKUP(C33,'[1]LOCADO - ATIVOS'!$C:$C,'[1]LOCADO - ATIVOS'!$B:$B) -> TI-04 | C33: TGA0B06 | D33: =SUMIFS(Combustivel!$U:$U,Combustivel!$AB:$AB,'Custo Por mes e Veículo'!D$2,Combustivel!$AC:$AC,'Custo Por mes e Veículo'!D$1,Combustivel!$A:$A,'Custo Por mes e Veículo'!$C33) -> 0 | E33: =SUMIFS(Combustivel!$U:$U,Combustivel!$AB:$AB,'Custo Por mes e Veículo'!E$2,Combustivel!$AC:$AC,'Custo Por mes e Veículo'!E$1,Combustivel!$A:$A,'Custo Por mes e Veículo'!$C33) -> 0 | F33: =SUMIFS(Combustivel!$U:$U,Combustivel!$AB:$AB,'Custo Por mes e Veículo'!F$2,Combustivel!$AC:$AC,'Custo Por mes e Veículo'!F$1,Combustivel!$A:$A,'Custo Por mes e Veículo'!$C33) -> 0 | G33: =SUMIFS(Combustivel!$U:$U,Combustivel!$AB:$AB,'Custo Por mes e Veículo'!G$2,Combustivel!$AC:$AC,'Custo Por mes e Veículo'!G$1,Combustivel!$A:$A,'Custo Por mes e Veículo'!$C33) -> 0 | H33: =SUMIFS(Combustivel!$U:$U,Combustivel!$AB:$AB,'Custo Por mes e Veículo'!H$2,Combustivel!$AC:$AC,'Custo Por mes e Veículo'!H$1,Combustivel!$A:$A,'Custo Por mes e Veículo'!$C33) -> 0 | I33: =SUMIFS(Combustivel!$U:$U,Combustivel!$AB:$AB,'Custo Por mes e Veículo'!I$2,Combustivel!$AC:$AC,'Custo Por mes e Veículo'!I$1,Combustivel!$A:$A,'Custo Por mes e Veículo'!$C33) -> 0 | J33: =SUMIFS(Combustivel!$U:$U,Combustivel!$AB:$AB,'Custo Por mes e Veículo'!J$2,Combustivel!$AC:$AC,'Custo Por mes e Veículo'!J$1,Combustivel!$A:$A,'Custo Por mes e Veículo'!$C33) -> 1710.41 | K33: =SUMIFS(Combustivel!$U:$U,Combustivel!$AB:$AB,'Custo Por mes e Veículo'!K$2,Combustivel!$AC:$AC,'Custo Por mes e Veículo'!K$1,Combustivel!$A:$A,'Custo Por mes e Veículo'!$C33) -> 1695.79 | ... X33: =SUMIFS(Combustivel!$U:$U,Combustivel!$AB:$AB,'Custo Por mes e Veículo'!X$2,Combustivel!$AC:$AC,'Custo Por mes e Veículo'!X$1,Combustivel!$A:$A,'Custo Por mes e Veículo'!$C33) -> 0
D34: =SUMIFS(Combustivel!$U:$U,Combustivel!$AB:$AB,'Custo Por mes e Veículo'!D$2,Combustivel!$AC:$AC,'Custo Por mes e Veículo'!D$1,Combustivel!$A:$A,'Custo Por mes e Veículo'!$C34) -> 0 | E34: =SUMIFS(Combustivel!$U:$U,Combustivel!$AB:$AB,'Custo Por mes e Veículo'!E$2,Combustivel!$AC:$AC,'Custo Por mes e Veículo'!E$1,Combustivel!$A:$A,'Custo Por mes e Veículo'!$C34) -> 0 | F34: =SUMIFS(Combustivel!$U:$U,Combustivel!$AB:$AB,'Custo Por mes e Veículo'!F$2,Combustivel!$AC:$AC,'Custo Por mes e Veículo'!F$1,Combustivel!$A:$A,'Custo Por mes e Veículo'!$C34) -> 0 | G34: =SUMIFS(Combustivel!$U:$U,Combustivel!$AB:$AB,'Custo Por mes e Veículo'!G$2,Combustivel!$AC:$AC,'Custo Por mes e Veículo'!G$1,Combustivel!$A:$A,'Custo Por mes e Veículo'!$C34) -> 0 | H34: =SUMIFS(Combustivel!$U:$U,Combustivel!$AB:$AB,'Custo Por mes e Veículo'!H$2,Combustivel!$AC:$AC,'Custo Por mes e Veículo'!H$1,Combustivel!$A:$A,'Custo Por mes e Veículo'!$C34) -> 0 | I34: =SUMIFS(Combustivel!$U:$U,Combustivel!$AB:$AB,'Custo Por mes e Veículo'!I$2,Combustivel!$AC:$AC,'Custo Por mes e Veículo'!I$1,Combustivel!$A:$A,'Custo Por mes e Veículo'!$C34) -> 0 | J34: =SUMIFS(Combustivel!$U:$U,Combustivel!$AB:$AB,'Custo Por mes e Veículo'!J$2,Combustivel!$AC:$AC,'Custo Por mes e Veículo'!J$1,Combustivel!$A:$A,'Custo Por mes e Veículo'!$C34) -> 0 | K34: =SUMIFS(Combustivel!$U:$U,Combustivel!$AB:$AB,'Custo Por mes e Veículo'!K$2,Combustivel!$AC:$AC,'Custo Por mes e Veículo'!K$1,Combustivel!$A:$A,'Custo Por mes e Veículo'!$C34) -> 0 | ... X34: =SUMIFS(Combustivel!$U:$U,Combustivel!$AB:$AB,'Custo Por mes e Veículo'!X$2,Combustivel!$AC:$AC,'Custo Por mes e Veículo'!X$1,Combustivel!$A:$A,'Custo Por mes e Veículo'!$C34) -> 0
D35: =SUMIFS(Combustivel!$U:$U,Combustivel!$AB:$AB,'Custo Por mes e Veículo'!D$2,Combustivel!$AC:$AC,'Custo Por mes e Veículo'!D$1,Combustivel!$A:$A,'Custo Por mes e Veículo'!$C35) -> 0 | E35: =SUMIFS(Combustivel!$U:$U,Combustivel!$AB:$AB,'Custo Por mes e Veículo'!E$2,Combustivel!$AC:$AC,'Custo Por mes e Veículo'!E$1,Combustivel!$A:$A,'Custo Por mes e Veículo'!$C35) -> 0 | F35: =SUMIFS(Combustivel!$U:$U,Combustivel!$AB:$AB,'Custo Por mes e Veículo'!F$2,Combustivel!$AC:$AC,'Custo Por mes e Veículo'!F$1,Combustivel!$A:$A,'Custo Por mes e Veículo'!$C35) -> 0 | G35: =SUMIFS(Combustivel!$U:$U,Combustivel!$AB:$AB,'Custo Por mes e Veículo'!G$2,Combustivel!$AC:$AC,'Custo Por mes e Veículo'!G$1,Combustivel!$A:$A,'Custo Por mes e Veículo'!$C35) -> 0 | H35: =SUMIFS(Combustivel!$U:$U,Combustivel!$AB:$AB,'Custo Por mes e Veículo'!H$2,Combustivel!$AC:$AC,'Custo Por mes e Veículo'!H$1,Combustivel!$A:$A,'Custo Por mes e Veículo'!$C35) -> 0 | I35: =SUMIFS(Combustivel!$U:$U,Combustivel!$AB:$AB,'Custo Por mes e Veículo'!I$2,Combustivel!$AC:$AC,'Custo Por mes e Veículo'!I$1,Combustivel!$A:$A,'Custo Por mes e Veículo'!$C35) -> 0 | J35: =SUMIFS(Combustivel!$U:$U,Combustivel!$AB:$AB,'Custo Por mes e Veículo'!J$2,Combustivel!$AC:$AC,'Custo Por mes e Veículo'!J$1,Combustivel!$A:$A,'Custo Por mes e Veículo'!$C35) -> 0 | K35: =SUMIFS(Combustivel!$U:$U,Combustivel!$AB:$AB,'Custo Por mes e Veículo'!K$2,Combustivel!$AC:$AC,'Custo Por mes e Veículo'!K$1,Combustivel!$A:$A,'Custo Por mes e Veículo'!$C35) -> 0 | ... X35: =SUMIFS(Combustivel!$U:$U,Combustivel!$AB:$AB,'Custo Por mes e Veículo'!X$2,Combustivel!$AC:$AC,'Custo Por mes e Veículo'!X$1,Combustivel!$A:$A,'Custo Por mes e Veículo'!$C35) -> 0
D36: =SUMIFS(Combustivel!$U:$U,Combustivel!$AB:$AB,'Custo Por mes e Veículo'!D$2,Combustivel!$AC:$AC,'Custo Por mes e Veículo'!D$1,Combustivel!$A:$A,'Custo Por mes e Veículo'!$C36) -> 0 | E36: =SUMIFS(Combustivel!$U:$U,Combustivel!$AB:$AB,'Custo Por mes e Veículo'!E$2,Combustivel!$AC:$AC,'Custo Por mes e Veículo'!E$1,Combustivel!$A:$A,'Custo Por mes e Veículo'!$C36) -> 0 | F36: =SUMIFS(Combustivel!$U:$U,Combustivel!$AB:$AB,'Custo Por mes e Veículo'!F$2,Combustivel!$AC:$AC,'Custo Por mes e Veículo'!F$1,Combustivel!$A:$A,'Custo Por mes e Veículo'!$C36) -> 0 | G36: =SUMIFS(Combustivel!$U:$U,Combustivel!$AB:$AB,'Custo Por mes e Veículo'!G$2,Combustivel!$AC:$AC,'Custo Por mes e Veículo'!G$1,Combustivel!$A:$A,'Custo Por mes e Veículo'!$C36) -> 0 | H36: =SUMIFS(Combustivel!$U:$U,Combustivel!$AB:$AB,'Custo Por mes e Veículo'!H$2,Combustivel!$AC:$AC,'Custo Por mes e Veículo'!H$1,Combustivel!$A:$A,'Custo Por mes e Veículo'!$C36) -> 0 | I36: =SUMIFS(Combustivel!$U:$U,Combustivel!$AB:$AB,'Custo Por mes e Veículo'!I$2,Combustivel!$AC:$AC,'Custo Por mes e Veículo'!I$1,Combustivel!$A:$A,'Custo Por mes e Veículo'!$C36) -> 0 | J36: =SUMIFS(Combustivel!$U:$U,Combustivel!$AB:$AB,'Custo Por mes e Veículo'!J$2,Combustivel!$AC:$AC,'Custo Por mes e Veículo'!J$1,Combustivel!$A:$A,'Custo Por mes e Veículo'!$C36) -> 0 | K36: =SUMIFS(Combustivel!$U:$U,Combustivel!$AB:$AB,'Custo Por mes e Veículo'!K$2,Combustivel!$AC:$AC,'Custo Por mes e Veículo'!K$1,Combustivel!$A:$A,'Custo Por mes e Veículo'!$C36) -> 0 | ... X36: =SUMIFS(Combustivel!$U:$U,Combustivel!$AB:$AB,'Custo Por mes e Veículo'!X$2,Combustivel!$AC:$AC,'Custo Por mes e Veículo'!X$1,Combustivel!$A:$A,'Custo Por mes e Veículo'!$C36) -> 0
A37: ADM | B37: =_xlfn.XLOOKUP(C37,'[1]LOCADO - ATIVOS'!$C:$C,'[1]LOCADO - ATIVOS'!$B:$B) -> ? | C37: SDJ8D65 | D37: =SUMIFS(Combustivel!$U:$U,Combustivel!$AB:$AB,'Custo Por mes e Veículo'!D$2,Combustivel!$AC:$AC,'Custo Por mes e Veículo'!D$1,Combustivel!$A:$A,'Custo Por mes e Veículo'!$C37) -> 0 | E37: =SUMIFS(Combustivel!$U:$U,Combustivel!$AB:$AB,'Custo Por mes e Veículo'!E$2,Combustivel!$AC:$AC,'Custo Por mes e Veículo'!E$1,Combustivel!$A:$A,'Custo Por mes e Veículo'!$C37) -> 0 | F37: =SUMIFS(Combustivel!$U:$U,Combustivel!$AB:$AB,'Custo Por mes e Veículo'!F$2,Combustivel!$AC:$AC,'Custo Por mes e Veículo'!F$1,Combustivel!$A:$A,'Custo Por mes e Veículo'!$C37) -> 0 | G37: =SUMIFS(Combustivel!$U:$U,Combustivel!$AB:$AB,'Custo Por mes e Veículo'!G$2,Combustivel!$AC:$AC,'Custo Por mes e Veículo'!G$1,Combustivel!$A:$A,'Custo Por mes e Veículo'!$C37) -> 264.31 | H37: =SUMIFS(Combustivel!$U:$U,Combustivel!$AB:$AB,'Custo Por mes e Veículo'!H$2,Combustivel!$AC:$AC,'Custo Por mes e Veículo'!H$1,Combustivel!$A:$A,'Custo Por mes e Veículo'!$C37) -> 1293.84 | I37: =SUMIFS(Combustivel!$U:$U,Combustivel!$AB:$AB,'Custo Por mes e Veículo'!I$2,Combustivel!$AC:$AC,'Custo Por mes e Veículo'!I$1,Combustivel!$A:$A,'Custo Por mes e Veículo'!$C37) -> 590.15 | J37: =SUMIFS(Combustivel!$U:$U,Combustivel!$AB:$AB,'Custo Por mes e Veículo'!J$2,Combustivel!$AC:$AC,'Custo Por mes e Veículo'!J$1,Combustivel!$A:$A,'Custo Por mes e Veículo'!$C37) -> 382.39 | K37: =SUMIFS(Combustivel!$U:$U,Combustivel!$AB:$AB,'Custo Por mes e Veículo'!K$2,Combustivel!$AC:$AC,'Custo Por mes e Veículo'!K$1,Combustivel!$A:$A,'Custo Por mes e Veículo'!$C37) -> 2223.82 | ... X37: =SUMIFS(Combustivel!$U:$U,Combustivel!$AB:$AB,'Custo Por mes e Veículo'!X$2,Combustivel!$AC:$AC,'Custo Por mes e Veículo'!X$1,Combustivel!$A:$A,'Custo Por mes e Veículo'!$C37) -> 0
A48: ADM | C48: Total | D48: =+SUM(D3:D47) -> 24680.275 | E48: =+SUM(E3:E47) -> 14540.1 | F48: =+SUM(F3:F47) -> 24875.41 | G48: =+SUM(G3:G47) -> 27755.18 | H48: =+SUM(H3:H47) -> 31180.05 | I48: =+SUM(I3:I47) -> 34209.51 | J48: =+SUM(J3:J47) -> 50602.92 | K48: =+SUM(K3:K47) -> 42612.62 | ... X48: =+SUM(X3:X47) -> 0
A51: APH | B51: A-01 | C51: TFV8C74 | D51: =SUMIFS(Combustivel!$U:$U,Combustivel!$AB:$AB,'Custo Por mes e Veículo'!D$2,Combustivel!$AC:$AC,'Custo Por mes e Veículo'!D$1,Combustivel!$A:$A,'Custo Por mes e Veículo'!$C51) -> 0 | E51: =SUMIFS(Combustivel!$U:$U,Combustivel!$AB:$AB,'Custo Por mes e Veículo'!E$2,Combustivel!$AC:$AC,'Custo Por mes e Veículo'!E$1,Combustivel!$A:$A,'Custo Por mes e Veículo'!$C51) -> 0 | F51: =SUMIFS(Combustivel!$U:$U,Combustivel!$AB:$AB,'Custo Por mes e Veículo'!F$2,Combustivel!$AC:$AC,'Custo Por mes e Veículo'!F$1,Combustivel!$A:$A,'Custo Por mes e Veículo'!$C51) -> 0 | G51: =SUMIFS(Combustivel!$U:$U,Combustivel!$AB:$AB,'Custo Por mes e Veículo'!G$2,Combustivel!$AC:$AC,'Custo Por mes e Veículo'!G$1,Combustivel!$A:$A,'Custo Por mes e Veículo'!$C51) -> 0 | H51: =SUMIFS(Combustivel!$U:$U,Combustivel!$AB:$AB,'Custo Por mes e Veículo'!H$2,Combustivel!$AC:$AC,'Custo Por mes e Veículo'!H$1,Combustivel!$A:$A,'Custo Por mes e Veículo'!$C51) -> 0 | I51: =SUMIFS(Combustivel!$U:$U,Combustivel!$AB:$AB,'Custo Por mes e Veículo'!I$2,Combustivel!$AC:$AC,'Custo Por mes e Veículo'!I$1,Combustivel!$A:$A,'Custo Por mes e Veículo'!$C51) -> 533.96 | J51: =SUMIFS(Combustivel!$U:$U,Combustivel!$AB:$AB,'Custo Por mes e Veículo'!J$2,Combustivel!$AC:$AC,'Custo Por mes e Veículo'!J$1,Combustivel!$A:$A,'Custo Por mes e Veículo'!$C51) -> 2105.2 | K51: =SUMIFS(Combustivel!$U:$U,Combustivel!$AB:$AB,'Custo Por mes e Veículo'!K$2,Combustivel!$AC:$AC,'Custo Por mes e Veículo'!K$1,Combustivel!$A:$A,'Custo Por mes e Veículo'!$C51) -> 2093.63 | ... X51: =SUMIFS(Combustivel!$U:$U,Combustivel!$AB:$AB,'Custo Por mes e Veículo'!X$2,Combustivel!$AC:$AC,'Custo Por mes e Veículo'!X$1,Combustivel!$A:$A,'Custo Por mes e Veículo'!$C51) -> 0
A52: APH | B52: A-02 | C52: TFM4H34 | D52: =SUMIFS(Combustivel!$U:$U,Combustivel!$AB:$AB,'Custo Por mes e Veículo'!D$2,Combustivel!$AC:$AC,'Custo Por mes e Veículo'!D$1,Combustivel!$A:$A,'Custo Por mes e Veículo'!$C52) -> 0 | E52: =SUMIFS(Combustivel!$U:$U,Combustivel!$AB:$AB,'Custo Por mes e Veículo'!E$2,Combustivel!$AC:$AC,'Custo Por mes e Veículo'!E$1,Combustivel!$A:$A,'Custo Por mes e Veículo'!$C52) -> 0 | F52: =SUMIFS(Combustivel!$U:$U,Combustivel!$AB:$AB,'Custo Por mes e Veículo'!F$2,Combustivel!$AC:$AC,'Custo Por mes e Veículo'!F$1,Combustivel!$A:$A,'Custo Por mes e Veículo'!$C52) -> 0 | G52: =SUMIFS(Combustivel!$U:$U,Combustivel!$AB:$AB,'Custo Por mes e Veículo'!G$2,Combustivel!$AC:$AC,'Custo Por mes e Veículo'!G$1,Combustivel!$A:$A,'Custo Por mes e Veículo'!$C52) -> 0 | H52: =SUMIFS(Combustivel!$U:$U,Combustivel!$AB:$AB,'Custo Por mes e Veículo'!H$2,Combustivel!$AC:$AC,'Custo Por mes e Veículo'!H$1,Combustivel!$A:$A,'Custo Por mes e Veículo'!$C52) -> 0 | I52: =SUMIFS(Combustivel!$U:$U,Combustivel!$AB:$AB,'Custo Por mes e Veículo'!I$2,Combustivel!$AC:$AC,'Custo Por mes e Veículo'!I$1,Combustivel!$A:$A,'Custo Por mes e Veículo'!$C52) -> 0 | J52: =SUMIFS(Combustivel!$U:$U,Combustivel!$AB:$AB,'Custo Por mes e Veículo'!J$2,Combustivel!$AC:$AC,'Custo Por mes e Veículo'!J$1,Combustivel!$A:$A,'Custo Por mes e Veículo'!$C52) -> 2027.57 | K52: =SUMIFS(Combustivel!$U:$U,Combustivel!$AB:$AB,'Custo Por mes e Veículo'!K$2,Combustivel!$AC:$AC,'Custo Por mes e Veículo'!K$1,Combustivel!$A:$A,'Custo Por mes e Veículo'!$C52) -> 2734.5 | ... X52: =SUMIFS(Combustivel!$U:$U,Combustivel!$AB:$AB,'Custo Por mes e Veículo'!X$2,Combustivel!$AC:$AC,'Custo Por mes e Veículo'!X$1,Combustivel!$A:$A,'Custo Por mes e Veículo'!$C52) -> 0
A53: APH | B53: R-06 | C53: TGE1F64 | D53: =SUMIFS(Combustivel!$U:$U,Combustivel!$AB:$AB,'Custo Por mes e Veículo'!D$2,Combustivel!$AC:$AC,'Custo Por mes e Veículo'!D$1,Combustivel!$A:$A,'Custo Por mes e Veículo'!$C53) -> 0 | E53: =SUMIFS(Combustivel!$U:$U,Combustivel!$AB:$AB,'Custo Por mes e Veículo'!E$2,Combustivel!$AC:$AC,'Custo Por mes e Veículo'!E$1,Combustivel!$A:$A,'Custo Por mes e Veículo'!$C53) -> 0 | F53: =SUMIFS(Combustivel!$U:$U,Combustivel!$AB:$AB,'Custo Por mes e Veículo'!F$2,Combustivel!$AC:$AC,'Custo Por mes e Veículo'!F$1,Combustivel!$A:$A,'Custo Por mes e Veículo'!$C53) -> 0 | G53: =SUMIFS(Combustivel!$U:$U,Combustivel!$AB:$AB,'Custo Por mes e Veículo'!G$2,Combustivel!$AC:$AC,'Custo Por mes e Veículo'!G$1,Combustivel!$A:$A,'Custo Por mes e Veículo'!$C53) -> 0 | H53: =SUMIFS(Combustivel!$U:$U,Combustivel!$AB:$AB,'Custo Por mes e Veículo'!H$2,Combustivel!$AC:$AC,'Custo Por mes e Veículo'!H$1,Combustivel!$A:$A,'Custo Por mes e Veículo'!$C53) -> 0 | I53: =SUMIFS(Combustivel!$U:$U,Combustivel!$AB:$AB,'Custo Por mes e Veículo'!I$2,Combustivel!$AC:$AC,'Custo Por mes e Veículo'!I$1,Combustivel!$A:$A,'Custo Por mes e Veículo'!$C53) -> 628.62 | J53: =SUMIFS(Combustivel!$U:$U,Combustivel!$AB:$AB,'Custo Por mes e Veículo'!J$2,Combustivel!$AC:$AC,'Custo Por mes e Veículo'!J$1,Combustivel!$A:$A,'Custo Por mes e Veículo'!$C53) -> 2837.66 | K53: =SUMIFS(Combustivel!$U:$U,Combustivel!$AB:$AB,'Custo Por mes e Veículo'!K$2,Combustivel!$AC:$AC,'Custo Por mes e Veículo'!K$1,Combustivel!$A:$A,'Custo Por mes e Veículo'!$C53) -> 2410.55 | ... X53: =SUMIFS(Combustivel!$U:$U,Combustivel!$AB:$AB,'Custo Por mes e Veículo'!X$2,Combustivel!$AC:$AC,'Custo Por mes e Veículo'!X$1,Combustivel!$A:$A,'Custo Por mes e Veículo'!$C53) -> 0
A54: APH | B54: R-03 | C54: TGL2B04 | D54: =SUMIFS(Combustivel!$U:$U,Combustivel!$AB:$AB,'Custo Por mes e Veículo'!D$2,Combustivel!$AC:$AC,'Custo Por mes e Veículo'!D$1,Combustivel!$A:$A,'Custo Por mes e Veículo'!$C54) -> 0 | E54: =SUMIFS(Combustivel!$U:$U,Combustivel!$AB:$AB,'Custo Por mes e Veículo'!E$2,Combustivel!$AC:$AC,'Custo Por mes e Veículo'!E$1,Combustivel!$A:$A,'Custo Por mes e Veículo'!$C54) -> 0 | F54: =SUMIFS(Combustivel!$U:$U,Combustivel!$AB:$AB,'Custo Por mes e Veículo'!F$2,Combustivel!$AC:$AC,'Custo Por mes e Veículo'!F$1,Combustivel!$A:$A,'Custo Por mes e Veículo'!$C54) -> 0 | G54: =SUMIFS(Combustivel!$U:$U,Combustivel!$AB:$AB,'Custo Por mes e Veículo'!G$2,Combustivel!$AC:$AC,'Custo Por mes e Veículo'!G$1,Combustivel!$A:$A,'Custo Por mes e Veículo'!$C54) -> 0 | H54: =SUMIFS(Combustivel!$U:$U,Combustivel!$AB:$AB,'Custo Por mes e Veículo'!H$2,Combustivel!$AC:$AC,'Custo Por mes e Veículo'!H$1,Combustivel!$A:$A,'Custo Por mes e Veículo'!$C54) -> 0 | I54: =SUMIFS(Combustivel!$U:$U,Combustivel!$AB:$AB,'Custo Por mes e Veículo'!I$2,Combustivel!$AC:$AC,'Custo Por mes e Veículo'!I$1,Combustivel!$A:$A,'Custo Por mes e Veículo'!$C54) -> 0 | J54: =SUMIFS(Combustivel!$U:$U,Combustivel!$AB:$AB,'Custo Por mes e Veículo'!J$2,Combustivel!$AC:$AC,'Custo Por mes e Veículo'!J$1,Combustivel!$A:$A,'Custo Por mes e Veículo'!$C54) -> 2315.73 | K54: =SUMIFS(Combustivel!$U:$U,Combustivel!$AB:$AB,'Custo Por mes e Veículo'!K$2,Combustivel!$AC:$AC,'Custo Por mes e Veículo'!K$1,Combustivel!$A:$A,'Custo Por mes e Veículo'!$C54) -> 2112.86 | ... X54: =SUMIFS(Combustivel!$U:$U,Combustivel!$AB:$AB,'Custo Por mes e Veículo'!X$2,Combustivel!$AC:$AC,'Custo Por mes e Veículo'!X$1,Combustivel!$A:$A,'Custo Por mes e Veículo'!$C54) -> 0
A55: APH | B55: R-08 | C55: TFN3B64 | D55: =SUMIFS(Combustivel!$U:$U,Combustivel!$AB:$AB,'Custo Por mes e Veículo'!D$2,Combustivel!$AC:$AC,'Custo Por mes e Veículo'!D$1,Combustivel!$A:$A,'Custo Por mes e Veículo'!$C55) -> 0 | E55: =SUMIFS(Combustivel!$U:$U,Combustivel!$AB:$AB,'Custo Por mes e Veículo'!E$2,Combustivel!$AC:$AC,'Custo Por mes e Veículo'!E$1,Combustivel!$A:$A,'Custo Por mes e Veículo'!$C55) -> 0 | F55: =SUMIFS(Combustivel!$U:$U,Combustivel!$AB:$AB,'Custo Por mes e Veículo'!F$2,Combustivel!$AC:$AC,'Custo Por mes e Veículo'!F$1,Combustivel!$A:$A,'Custo Por mes e Veículo'!$C55) -> 0 | G55: =SUMIFS(Combustivel!$U:$U,Combustivel!$AB:$AB,'Custo Por mes e Veículo'!G$2,Combustivel!$AC:$AC,'Custo Por mes e Veículo'!G$1,Combustivel!$A:$A,'Custo Por mes e Veículo'!$C55) -> 0 | H55: =SUMIFS(Combustivel!$U:$U,Combustivel!$AB:$AB,'Custo Por mes e Veículo'!H$2,Combustivel!$AC:$AC,'Custo Por mes e Veículo'!H$1,Combustivel!$A:$A,'Custo Por mes e Veículo'!$C55) -> 0 | I55: =SUMIFS(Combustivel!$U:$U,Combustivel!$AB:$AB,'Custo Por mes e Veículo'!I$2,Combustivel!$AC:$AC,'Custo Por mes e Veículo'!I$1,Combustivel!$A:$A,'Custo Por mes e Veículo'!$C55) -> 0 | J55: =SUMIFS(Combustivel!$U:$U,Combustivel!$AB:$AB,'Custo Por mes e Veículo'!J$2,Combustivel!$AC:$AC,'Custo Por mes e Veículo'!J$1,Combustivel!$A:$A,'Custo Por mes e Veículo'!$C55) -> 2113.13 | K55: =SUMIFS(Combustivel!$U:$U,Combustivel!$AB:$AB,'Custo Por mes e Veículo'!K$2,Combustivel!$AC:$AC,'Custo Por mes e Veículo'!K$1,Combustivel!$A:$A,'Custo Por mes e Veículo'!$C55) -> 1262.24 | ... X55: =SUMIFS(Combustivel!$U:$U,Combustivel!$AB:$AB,'Custo Por mes e Veículo'!X$2,Combustivel!$AC:$AC,'Custo Por mes e Veículo'!X$1,Combustivel!$A:$A,'Custo Por mes e Veículo'!$C55) -> 0
A56: APH | B56: R-01 | C56: TGC9A34 | D56: =SUMIFS(Combustivel!$U:$U,Combustivel!$AB:$AB,'Custo Por mes e Veículo'!D$2,Combustivel!$AC:$AC,'Custo Por mes e Veículo'!D$1,Combustivel!$A:$A,'Custo Por mes e Veículo'!$C56) -> 0 | E56: =SUMIFS(Combustivel!$U:$U,Combustivel!$AB:$AB,'Custo Por mes e Veículo'!E$2,Combustivel!$AC:$AC,'Custo Por mes e Veículo'!E$1,Combustivel!$A:$A,'Custo Por mes e Veículo'!$C56) -> 0 | F56: =SUMIFS(Combustivel!$U:$U,Combustivel!$AB:$AB,'Custo Por mes e Veículo'!F$2,Combustivel!$AC:$AC,'Custo Por mes e Veículo'!F$1,Combustivel!$A:$A,'Custo Por mes e Veículo'!$C56) -> 0 | G56: =SUMIFS(Combustivel!$U:$U,Combustivel!$AB:$AB,'Custo Por mes e Veículo'!G$2,Combustivel!$AC:$AC,'Custo Por mes e Veículo'!G$1,Combustivel!$A:$A,'Custo Por mes e Veículo'!$C56) -> 0 | H56: =SUMIFS(Combustivel!$U:$U,Combustivel!$AB:$AB,'Custo Por mes e Veículo'!H$2,Combustivel!$AC:$AC,'Custo Por mes e Veículo'!H$1,Combustivel!$A:$A,'Custo Por mes e Veículo'!$C56) -> 0 | I56: =SUMIFS(Combustivel!$U:$U,Combustivel!$AB:$AB,'Custo Por mes e Veículo'!I$2,Combustivel!$AC:$AC,'Custo Por mes e Veículo'!I$1,Combustivel!$A:$A,'Custo Por mes e Veículo'!$C56) -> 0 | J56: =SUMIFS(Combustivel!$U:$U,Combustivel!$AB:$AB,'Custo Por mes e Veículo'!J$2,Combustivel!$AC:$AC,'Custo Por mes e Veículo'!J$1,Combustivel!$A:$A,'Custo Por mes e Veículo'!$C56) -> 2716.5 | K56: =SUMIFS(Combustivel!$U:$U,Combustivel!$AB:$AB,'Custo Por mes e Veículo'!K$2,Combustivel!$AC:$AC,'Custo Por mes e Veículo'!K$1,Combustivel!$A:$A,'Custo Por mes e Veículo'!$C56) -> 2781.22 | ... X56: =SUMIFS(Combustivel!$U:$U,Combustivel!$AB:$AB,'Custo Por mes e Veículo'!X$2,Combustivel!$AC:$AC,'Custo Por mes e Veículo'!X$1,Combustivel!$A:$A,'Custo Por mes e Veículo'!$C56) -> 0
A57: APH | B57: R-07 | C57: TFW3J34 | D57: =SUMIFS(Combustivel!$U:$U,Combustivel!$AB:$AB,'Custo Por mes e Veículo'!D$2,Combustivel!$AC:$AC,'Custo Por mes e Veículo'!D$1,Combustivel!$A:$A,'Custo Por mes e Veículo'!$C57) -> 0 | E57: =SUMIFS(Combustivel!$U:$U,Combustivel!$AB:$AB,'Custo Por mes e Veículo'!E$2,Combustivel!$AC:$AC,'Custo Por mes e Veículo'!E$1,Combustivel!$A:$A,'Custo Por mes e Veículo'!$C57) -> 0 | F57: =SUMIFS(Combustivel!$U:$U,Combustivel!$AB:$AB,'Custo Por mes e Veículo'!F$2,Combustivel!$AC:$AC,'Custo Por mes e Veículo'!F$1,Combustivel!$A:$A,'Custo Por mes e Veículo'!$C57) -> 0 | G57: =SUMIFS(Combustivel!$U:$U,Combustivel!$AB:$AB,'Custo Por mes e Veículo'!G$2,Combustivel!$AC:$AC,'Custo Por mes e Veículo'!G$1,Combustivel!$A:$A,'Custo Por mes e Veículo'!$C57) -> 0 | H57: =SUMIFS(Combustivel!$U:$U,Combustivel!$AB:$AB,'Custo Por mes e Veículo'!H$2,Combustivel!$AC:$AC,'Custo Por mes e Veículo'!H$1,Combustivel!$A:$A,'Custo Por mes e Veículo'!$C57) -> 0 | I57: =SUMIFS(Combustivel!$U:$U,Combustivel!$AB:$AB,'Custo Por mes e Veículo'!I$2,Combustivel!$AC:$AC,'Custo Por mes e Veículo'!I$1,Combustivel!$A:$A,'Custo Por mes e Veículo'!$C57) -> 0 | J57: =SUMIFS(Combustivel!$U:$U,Combustivel!$AB:$AB,'Custo Por mes e Veículo'!J$2,Combustivel!$AC:$AC,'Custo Por mes e Veículo'!J$1,Combustivel!$A:$A,'Custo Por mes e Veículo'!$C57) -> 3229.37 | K57: =SUMIFS(Combustivel!$U:$U,Combustivel!$AB:$AB,'Custo Por mes e Veículo'!K$2,Combustivel!$AC:$AC,'Custo Por mes e Veículo'!K$1,Combustivel!$A:$A,'Custo Por mes e Veículo'!$C57) -> 2682.58 | ... X57: =SUMIFS(Combustivel!$U:$U,Combustivel!$AB:$AB,'Custo Por mes e Veículo'!X$2,Combustivel!$AC:$AC,'Custo Por mes e Veículo'!X$1,Combustivel!$A:$A,'Custo Por mes e Veículo'!$C57) -> 0
A58: APH | B58: R-09 | C58: TFU6C04 | D58: =SUMIFS(Combustivel!$U:$U,Combustivel!$AB:$AB,'Custo Por mes e Veículo'!D$2,Combustivel!$AC:$AC,'Custo Por mes e Veículo'!D$1,Combustivel!$A:$A,'Custo Por mes e Veículo'!$C58) -> 0 | E58: =SUMIFS(Combustivel!$U:$U,Combustivel!$AB:$AB,'Custo Por mes e Veículo'!E$2,Combustivel!$AC:$AC,'Custo Por mes e Veículo'!E$1,Combustivel!$A:$A,'Custo Por mes e Veículo'!$C58) -> 0 | F58: =SUMIFS(Combustivel!$U:$U,Combustivel!$AB:$AB,'Custo Por mes e Veículo'!F$2,Combustivel!$AC:$AC,'Custo Por mes e Veículo'!F$1,Combustivel!$A:$A,'Custo Por mes e Veículo'!$C58) -> 0 | G58: =SUMIFS(Combustivel!$U:$U,Combustivel!$AB:$AB,'Custo Por mes e Veículo'!G$2,Combustivel!$AC:$AC,'Custo Por mes e Veículo'!G$1,Combustivel!$A:$A,'Custo Por mes e Veículo'!$C58) -> 0 | H58: =SUMIFS(Combustivel!$U:$U,Combustivel!$AB:$AB,'Custo Por mes e Veículo'!H$2,Combustivel!$AC:$AC,'Custo Por mes e Veículo'!H$1,Combustivel!$A:$A,'Custo Por mes e Veículo'!$C58) -> 0 | I58: =SUMIFS(Combustivel!$U:$U,Combustivel!$AB:$AB,'Custo Por mes e Veículo'!I$2,Combustivel!$AC:$AC,'Custo Por mes e Veículo'!I$1,Combustivel!$A:$A,'Custo Por mes e Veículo'!$C58) -> 0 | J58: =SUMIFS(Combustivel!$U:$U,Combustivel!$AB:$AB,'Custo Por mes e Veículo'!J$2,Combustivel!$AC:$AC,'Custo Por mes e Veículo'!J$1,Combustivel!$A:$A,'Custo Por mes e Veículo'!$C58) -> 2651.15 | K58: =SUMIFS(Combustivel!$U:$U,Combustivel!$AB:$AB,'Custo Por mes e Veículo'!K$2,Combustivel!$AC:$AC,'Custo Por mes e Veículo'!K$1,Combustivel!$A:$A,'Custo Por mes e Veículo'!$C58) -> 3224.19 | ... X58: =SUMIFS(Combustivel!$U:$U,Combustivel!$AB:$AB,'Custo Por mes e Veículo'!X$2,Combustivel!$AC:$AC,'Custo Por mes e Veículo'!X$1,Combustivel!$A:$A,'Custo Por mes e Veículo'!$C58) -> 0
A59: APH | B59: R-05 | C59: TFE9C14 | D59: =SUMIFS(Combustivel!$U:$U,Combustivel!$AB:$AB,'Custo Por mes e Veículo'!D$2,Combustivel!$AC:$AC,'Custo Por mes e Veículo'!D$1,Combustivel!$A:$A,'Custo Por mes e Veículo'!$C59) -> 0 | E59: =SUMIFS(Combustivel!$U:$U,Combustivel!$AB:$AB,'Custo Por mes e Veículo'!E$2,Combustivel!$AC:$AC,'Custo Por mes e Veículo'!E$1,Combustivel!$A:$A,'Custo Por mes e Veículo'!$C59) -> 0 | F59: =SUMIFS(Combustivel!$U:$U,Combustivel!$AB:$AB,'Custo Por mes e Veículo'!F$2,Combustivel!$AC:$AC,'Custo Por mes e Veículo'!F$1,Combustivel!$A:$A,'Custo Por mes e Veículo'!$C59) -> 0 | G59: =SUMIFS(Combustivel!$U:$U,Combustivel!$AB:$AB,'Custo Por mes e Veículo'!G$2,Combustivel!$AC:$AC,'Custo Por mes e Veículo'!G$1,Combustivel!$A:$A,'Custo Por mes e Veículo'!$C59) -> 0 | H59: =SUMIFS(Combustivel!$U:$U,Combustivel!$AB:$AB,'Custo Por mes e Veículo'!H$2,Combustivel!$AC:$AC,'Custo Por mes e Veículo'!H$1,Combustivel!$A:$A,'Custo Por mes e Veículo'!$C59) -> 0 | I59: =SUMIFS(Combustivel!$U:$U,Combustivel!$AB:$AB,'Custo Por mes e Veículo'!I$2,Combustivel!$AC:$AC,'Custo Por mes e Veículo'!I$1,Combustivel!$A:$A,'Custo Por mes e Veículo'!$C59) -> 0 | J59: =SUMIFS(Combustivel!$U:$U,Combustivel!$AB:$AB,'Custo Por mes e Veículo'!J$2,Combustivel!$AC:$AC,'Custo Por mes e Veículo'!J$1,Combustivel!$A:$A,'Custo Por mes e Veículo'!$C59) -> 3372.34 | K59: =SUMIFS(Combustivel!$U:$U,Combustivel!$AB:$AB,'Custo Por mes e Veículo'!K$2,Combustivel!$AC:$AC,'Custo Por mes e Veículo'!K$1,Combustivel!$A:$A,'Custo Por mes e Veículo'!$C59) -> 1741.08 | ... X59: =SUMIFS(Combustivel!$U:$U,Combustivel!$AB:$AB,'Custo Por mes e Veículo'!X$2,Combustivel!$AC:$AC,'Custo Por mes e Veículo'!X$1,Combustivel!$A:$A,'Custo Por mes e Veículo'!$C59) -> 0
A60: APH | B60: R-10 R | C60: TFL8I14 | D60: =SUMIFS(Combustivel!$U:$U,Combustivel!$AB:$AB,'Custo Por mes e Veículo'!D$2,Combustivel!$AC:$AC,'Custo Por mes e Veículo'!D$1,Combustivel!$A:$A,'Custo Por mes e Veículo'!$C60) -> 0 | E60: =SUMIFS(Combustivel!$U:$U,Combustivel!$AB:$AB,'Custo Por mes e Veículo'!E$2,Combustivel!$AC:$AC,'Custo Por mes e Veículo'!E$1,Combustivel!$A:$A,'Custo Por mes e Veículo'!$C60) -> 0 | F60: =SUMIFS(Combustivel!$U:$U,Combustivel!$AB:$AB,'Custo Por mes e Veículo'!F$2,Combustivel!$AC:$AC,'Custo Por mes e Veículo'!F$1,Combustivel!$A:$A,'Custo Por mes e Veículo'!$C60) -> 0 | G60: =SUMIFS(Combustivel!$U:$U,Combustivel!$AB:$AB,'Custo Por mes e Veículo'!G$2,Combustivel!$AC:$AC,'Custo Por mes e Veículo'!G$1,Combustivel!$A:$A,'Custo Por mes e Veículo'!$C60) -> 0 | H60: =SUMIFS(Combustivel!$U:$U,Combustivel!$AB:$AB,'Custo Por mes e Veículo'!H$2,Combustivel!$AC:$AC,'Custo Por mes e Veículo'!H$1,Combustivel!$A:$A,'Custo Por mes e Veículo'!$C60) -> 0 | I60: =SUMIFS(Combustivel!$U:$U,Combustivel!$AB:$AB,'Custo Por mes e Veículo'!I$2,Combustivel!$AC:$AC,'Custo Por mes e Veículo'!I$1,Combustivel!$A:$A,'Custo Por mes e Veículo'!$C60) -> 0 | J60: =SUMIFS(Combustivel!$U:$U,Combustivel!$AB:$AB,'Custo Por mes e Veículo'!J$2,Combustivel!$AC:$AC,'Custo Por mes e Veículo'!J$1,Combustivel!$A:$A,'Custo Por mes e Veículo'!$C60) -> 4383.55 | K60: =SUMIFS(Combustivel!$U:$U,Combustivel!$AB:$AB,'Custo Por mes e Veículo'!K$2,Combustivel!$AC:$AC,'Custo Por mes e Veículo'!K$1,Combustivel!$A:$A,'Custo Por mes e Veículo'!$C60) -> 1697.55 | ... X60: =SUMIFS(Combustivel!$U:$U,Combustivel!$AB:$AB,'Custo Por mes e Veículo'!X$2,Combustivel!$AC:$AC,'Custo Por mes e Veículo'!X$1,Combustivel!$A:$A,'Custo Por mes e Veículo'!$C60) -> 0
A63: APH | C63: Total | D63: =+SUM(D51:D62) -> 0 | E63: =+SUM(E51:E62) -> 0 | F63: =+SUM(F51:F62) -> 0 | G63: =+SUM(G51:G62) -> 0 | H63: =+SUM(H51:H62) -> 0 | I63: =+SUM(I51:I62) -> 1162.58 | J63: =+SUM(J51:J62) -> 27752.2 | K63: =+SUM(K51:K62) -> 22740.4 | ... X63: =+SUM(X51:X62) -> 0
A69: GP | B69: GP - 03 | C69: TMG4A29 | D69: =SUMIFS(Combustivel!$U:$U,Combustivel!$AB:$AB,'Custo Por mes e Veículo'!D$2,Combustivel!$AC:$AC,'Custo Por mes e Veículo'!D$1,Combustivel!$A:$A,'Custo Por mes e Veículo'!$C69) -> 0 | E69: =SUMIFS(Combustivel!$U:$U,Combustivel!$AB:$AB,'Custo Por mes e Veículo'!E$2,Combustivel!$AC:$AC,'Custo Por mes e Veículo'!E$1,Combustivel!$A:$A,'Custo Por mes e Veículo'!$C69) -> 0 | F69: =SUMIFS(Combustivel!$U:$U,Combustivel!$AB:$AB,'Custo Por mes e Veículo'!F$2,Combustivel!$AC:$AC,'Custo Por mes e Veículo'!F$1,Combustivel!$A:$A,'Custo Por mes e Veículo'!$C69) -> 0 | G69: =SUMIFS(Combustivel!$U:$U,Combustivel!$AB:$AB,'Custo Por mes e Veículo'!G$2,Combustivel!$AC:$AC,'Custo Por mes e Veículo'!G$1,Combustivel!$A:$A,'Custo Por mes e Veículo'!$C69) -> 0 | H69: =SUMIFS(Combustivel!$U:$U,Combustivel!$AB:$AB,'Custo Por mes e Veículo'!H$2,Combustivel!$AC:$AC,'Custo Por mes e Veículo'!H$1,Combustivel!$A:$A,'Custo Por mes e Veículo'!$C69) -> 0 | I69: =SUMIFS(Combustivel!$U:$U,Combustivel!$AB:$AB,'Custo Por mes e Veículo'!I$2,Combustivel!$AC:$AC,'Custo Por mes e Veículo'!I$1,Combustivel!$A:$A,'Custo Por mes e Veículo'!$C69) -> 5772.71 | J69: =SUMIFS(Combustivel!$U:$U,Combustivel!$AB:$AB,'Custo Por mes e Veículo'!J$2,Combustivel!$AC:$AC,'Custo Por mes e Veículo'!J$1,Combustivel!$A:$A,'Custo Por mes e Veículo'!$C69) -> 3981.12 | K69: =SUMIFS(Combustivel!$U:$U,Combustivel!$AB:$AB,'Custo Por mes e Veículo'!K$2,Combustivel!$AC:$AC,'Custo Por mes e Veículo'!K$1,Combustivel!$A:$A,'Custo Por mes e Veículo'!$C69) -> 9974.09 | ... X69: =SUMIFS(Combustivel!$U:$U,Combustivel!$AB:$AB,'Custo Por mes e Veículo'!X$2,Combustivel!$AC:$AC,'Custo Por mes e Veículo'!X$1,Combustivel!$A:$A,'Custo Por mes e Veículo'!$C69) -> 0
A70: GP | B70: GP - 02 | C70: TKC9B59 | D70: =SUMIFS(Combustivel!$U:$U,Combustivel!$AB:$AB,'Custo Por mes e Veículo'!D$2,Combustivel!$AC:$AC,'Custo Por mes e Veículo'!D$1,Combustivel!$A:$A,'Custo Por mes e Veículo'!$C70) -> 0 | E70: =SUMIFS(Combustivel!$U:$U,Combustivel!$AB:$AB,'Custo Por mes e Veículo'!E$2,Combustivel!$AC:$AC,'Custo Por mes e Veículo'!E$1,Combustivel!$A:$A,'Custo Por mes e Veículo'!$C70) -> 0 | F70: =SUMIFS(Combustivel!$U:$U,Combustivel!$AB:$AB,'Custo Por mes e Veículo'!F$2,Combustivel!$AC:$AC,'Custo Por mes e Veículo'!F$1,Combustivel!$A:$A,'Custo Por mes e Veículo'!$C70) -> 0 | G70: =SUMIFS(Combustivel!$U:$U,Combustivel!$AB:$AB,'Custo Por mes e Veículo'!G$2,Combustivel!$AC:$AC,'Custo Por mes e Veículo'!G$1,Combustivel!$A:$A,'Custo Por mes e Veículo'!$C70) -> 0 | H70: =SUMIFS(Combustivel!$U:$U,Combustivel!$AB:$AB,'Custo Por mes e Veículo'!H$2,Combustivel!$AC:$AC,'Custo Por mes e Veículo'!H$1,Combustivel!$A:$A,'Custo Por mes e Veículo'!$C70) -> 0 | I70: =SUMIFS(Combustivel!$U:$U,Combustivel!$AB:$AB,'Custo Por mes e Veículo'!I$2,Combustivel!$AC:$AC,'Custo Por mes e Veículo'!I$1,Combustivel!$A:$A,'Custo Por mes e Veículo'!$C70) -> 5507.77 | J70: =SUMIFS(Combustivel!$U:$U,Combustivel!$AB:$AB,'Custo Por mes e Veículo'!J$2,Combustivel!$AC:$AC,'Custo Por mes e Veículo'!J$1,Combustivel!$A:$A,'Custo Por mes e Veículo'!$C70) -> 0 | K70: =SUMIFS(Combustivel!$U:$U,Combustivel!$AB:$AB,'Custo Por mes e Veículo'!K$2,Combustivel!$AC:$AC,'Custo Por mes e Veículo'!K$1,Combustivel!$A:$A,'Custo Por mes e Veículo'!$C70) -> 10759.78 | ... X70: =SUMIFS(Combustivel!$U:$U,Combustivel!$AB:$AB,'Custo Por mes e Veículo'!X$2,Combustivel!$AC:$AC,'Custo Por mes e Veículo'!X$1,Combustivel!$A:$A,'Custo Por mes e Veículo'!$C70) -> 0
A71: GP | B71: GP - 04 Reserva | C71: TMF8H09 | D71: =SUMIFS(Combustivel!$U:$U,Combustivel!$AB:$AB,'Custo Por mes e Veículo'!D$2,Combustivel!$AC:$AC,'Custo Por mes e Veículo'!D$1,Combustivel!$A:$A,'Custo Por mes e Veículo'!$C71) -> 0 | E71: =SUMIFS(Combustivel!$U:$U,Combustivel!$AB:$AB,'Custo Por mes e Veículo'!E$2,Combustivel!$AC:$AC,'Custo Por mes e Veículo'!E$1,Combustivel!$A:$A,'Custo Por mes e Veículo'!$C71) -> 0 | F71: =SUMIFS(Combustivel!$U:$U,Combustivel!$AB:$AB,'Custo Por mes e Veículo'!F$2,Combustivel!$AC:$AC,'Custo Por mes e Veículo'!F$1,Combustivel!$A:$A,'Custo Por mes e Veículo'!$C71) -> 0 | G71: =SUMIFS(Combustivel!$U:$U,Combustivel!$AB:$AB,'Custo Por mes e Veículo'!G$2,Combustivel!$AC:$AC,'Custo Por mes e Veículo'!G$1,Combustivel!$A:$A,'Custo Por mes e Veículo'!$C71) -> 0 | H71: =SUMIFS(Combustivel!$U:$U,Combustivel!$AB:$AB,'Custo Por mes e Veículo'!H$2,Combustivel!$AC:$AC,'Custo Por mes e Veículo'!H$1,Combustivel!$A:$A,'Custo Por mes e Veículo'!$C71) -> 0 | I71: =SUMIFS(Combustivel!$U:$U,Combustivel!$AB:$AB,'Custo Por mes e Veículo'!I$2,Combustivel!$AC:$AC,'Custo Por mes e Veículo'!I$1,Combustivel!$A:$A,'Custo Por mes e Veículo'!$C71) -> 5973.86 | J71: =SUMIFS(Combustivel!$U:$U,Combustivel!$AB:$AB,'Custo Por mes e Veículo'!J$2,Combustivel!$AC:$AC,'Custo Por mes e Veículo'!J$1,Combustivel!$A:$A,'Custo Por mes e Veículo'!$C71) -> 0 | K71: =SUMIFS(Combustivel!$U:$U,Combustivel!$AB:$AB,'Custo Por mes e Veículo'!K$2,Combustivel!$AC:$AC,'Custo Por mes e Veículo'!K$1,Combustivel!$A:$A,'Custo Por mes e Veículo'!$C71) -> 7365.45 | ... X71: =SUMIFS(Combustivel!$U:$U,Combustivel!$AB:$AB,'Custo Por mes e Veículo'!X$2,Combustivel!$AC:$AC,'Custo Por mes e Veículo'!X$1,Combustivel!$A:$A,'Custo Por mes e Veículo'!$C71) -> 0
A72: GP | B72: GP - 01 | C72: TKC7D89 | D72: =SUMIFS(Combustivel!$U:$U,Combustivel!$AB:$AB,'Custo Por mes e Veículo'!D$2,Combustivel!$AC:$AC,'Custo Por mes e Veículo'!D$1,Combustivel!$A:$A,'Custo Por mes e Veículo'!$C72) -> 0 | E72: =SUMIFS(Combustivel!$U:$U,Combustivel!$AB:$AB,'Custo Por mes e Veículo'!E$2,Combustivel!$AC:$AC,'Custo Por mes e Veículo'!E$1,Combustivel!$A:$A,'Custo Por mes e Veículo'!$C72) -> 0 | F72: =SUMIFS(Combustivel!$U:$U,Combustivel!$AB:$AB,'Custo Por mes e Veículo'!F$2,Combustivel!$AC:$AC,'Custo Por mes e Veículo'!F$1,Combustivel!$A:$A,'Custo Por mes e Veículo'!$C72) -> 0 | G72: =SUMIFS(Combustivel!$U:$U,Combustivel!$AB:$AB,'Custo Por mes e Veículo'!G$2,Combustivel!$AC:$AC,'Custo Por mes e Veículo'!G$1,Combustivel!$A:$A,'Custo Por mes e Veículo'!$C72) -> 0 | H72: =SUMIFS(Combustivel!$U:$U,Combustivel!$AB:$AB,'Custo Por mes e Veículo'!H$2,Combustivel!$AC:$AC,'Custo Por mes e Veículo'!H$1,Combustivel!$A:$A,'Custo Por mes e Veículo'!$C72) -> 0 | I72: =SUMIFS(Combustivel!$U:$U,Combustivel!$AB:$AB,'Custo Por mes e Veículo'!I$2,Combustivel!$AC:$AC,'Custo Por mes e Veículo'!I$1,Combustivel!$A:$A,'Custo Por mes e Veículo'!$C72) -> 0 | J72: =SUMIFS(Combustivel!$U:$U,Combustivel!$AB:$AB,'Custo Por mes e Veículo'!J$2,Combustivel!$AC:$AC,'Custo Por mes e Veículo'!J$1,Combustivel!$A:$A,'Custo Por mes e Veículo'!$C72) -> 5795.31 | K72: =SUMIFS(Combustivel!$U:$U,Combustivel!$AB:$AB,'Custo Por mes e Veículo'!K$2,Combustivel!$AC:$AC,'Custo Por mes e Veículo'!K$1,Combustivel!$A:$A,'Custo Por mes e Veículo'!$C72) -> 4044.31 | ... X72: =SUMIFS(Combustivel!$U:$U,Combustivel!$AB:$AB,'Custo Por mes e Veículo'!X$2,Combustivel!$AC:$AC,'Custo Por mes e Veículo'!X$1,Combustivel!$A:$A,'Custo Por mes e Veículo'!$C72) -> 0
A75: GP | C75: Total | D75: =+SUM(D69:D74) -> 0 | E75: =+SUM(E69:E74) -> 0 | F75: =+SUM(F69:F74) -> 0 | G75: =+SUM(G69:G74) -> 0 | H75: =+SUM(H69:H74) -> 0 | I75: =+SUM(I69:I74) -> 17254.34 | J75: =+SUM(J69:J74) -> 9776.43 | K75: =+SUM(K69:K74) -> 32143.63 | ... X75: =+SUM(X69:X74) -> 0
A80: GL | B80: GL - 01 | C80: TIV6G27 | D80: =SUMIFS(Combustivel!$U:$U,Combustivel!$AB:$AB,'Custo Por mes e Veículo'!D$2,Combustivel!$AC:$AC,'Custo Por mes e Veículo'!D$1,Combustivel!$A:$A,'Custo Por mes e Veículo'!$C80) -> 0 | E80: =SUMIFS(Combustivel!$U:$U,Combustivel!$AB:$AB,'Custo Por mes e Veículo'!E$2,Combustivel!$AC:$AC,'Custo Por mes e Veículo'!E$1,Combustivel!$A:$A,'Custo Por mes e Veículo'!$C80) -> 0 | F80: =SUMIFS(Combustivel!$U:$U,Combustivel!$AB:$AB,'Custo Por mes e Veículo'!F$2,Combustivel!$AC:$AC,'Custo Por mes e Veículo'!F$1,Combustivel!$A:$A,'Custo Por mes e Veículo'!$C80) -> 0 | G80: =SUMIFS(Combustivel!$U:$U,Combustivel!$AB:$AB,'Custo Por mes e Veículo'!G$2,Combustivel!$AC:$AC,'Custo Por mes e Veículo'!G$1,Combustivel!$A:$A,'Custo Por mes e Veículo'!$C80) -> 0 | H80: =SUMIFS(Combustivel!$U:$U,Combustivel!$AB:$AB,'Custo Por mes e Veículo'!H$2,Combustivel!$AC:$AC,'Custo Por mes e Veículo'!H$1,Combustivel!$A:$A,'Custo Por mes e Veículo'!$C80) -> 0 | I80: =SUMIFS(Combustivel!$U:$U,Combustivel!$AB:$AB,'Custo Por mes e Veículo'!I$2,Combustivel!$AC:$AC,'Custo Por mes e Veículo'!I$1,Combustivel!$A:$A,'Custo Por mes e Veículo'!$C80) -> 927.4 | J80: =SUMIFS(Combustivel!$U:$U,Combustivel!$AB:$AB,'Custo Por mes e Veículo'!J$2,Combustivel!$AC:$AC,'Custo Por mes e Veículo'!J$1,Combustivel!$A:$A,'Custo Por mes e Veículo'!$C80) -> 2021.46 | K80: =SUMIFS(Combustivel!$U:$U,Combustivel!$AB:$AB,'Custo Por mes e Veículo'!K$2,Combustivel!$AC:$AC,'Custo Por mes e Veículo'!K$1,Combustivel!$A:$A,'Custo Por mes e Veículo'!$C80) -> 7180.93 | ... X80: =SUMIFS(Combustivel!$U:$U,Combustivel!$AB:$AB,'Custo Por mes e Veículo'!X$2,Combustivel!$AC:$AC,'Custo Por mes e Veículo'!X$1,Combustivel!$A:$A,'Custo Por mes e Veículo'!$C80) -> 0
A81: GL | B81: GL - 02 | C81: TLO0E87 | D81: =SUMIFS(Combustivel!$U:$U,Combustivel!$AB:$AB,'Custo Por mes e Veículo'!D$2,Combustivel!$AC:$AC,'Custo Por mes e Veículo'!D$1,Combustivel!$A:$A,'Custo Por mes e Veículo'!$C81) -> 0 | E81: =SUMIFS(Combustivel!$U:$U,Combustivel!$AB:$AB,'Custo Por mes e Veículo'!E$2,Combustivel!$AC:$AC,'Custo Por mes e Veículo'!E$1,Combustivel!$A:$A,'Custo Por mes e Veículo'!$C81) -> 0 | F81: =SUMIFS(Combustivel!$U:$U,Combustivel!$AB:$AB,'Custo Por mes e Veículo'!F$2,Combustivel!$AC:$AC,'Custo Por mes e Veículo'!F$1,Combustivel!$A:$A,'Custo Por mes e Veículo'!$C81) -> 0 | G81: =SUMIFS(Combustivel!$U:$U,Combustivel!$AB:$AB,'Custo Por mes e Veículo'!G$2,Combustivel!$AC:$AC,'Custo Por mes e Veículo'!G$1,Combustivel!$A:$A,'Custo Por mes e Veículo'!$C81) -> 0 | H81: =SUMIFS(Combustivel!$U:$U,Combustivel!$AB:$AB,'Custo Por mes e Veículo'!H$2,Combustivel!$AC:$AC,'Custo Por mes e Veículo'!H$1,Combustivel!$A:$A,'Custo Por mes e Veículo'!$C81) -> 0 | I81: =SUMIFS(Combustivel!$U:$U,Combustivel!$AB:$AB,'Custo Por mes e Veículo'!I$2,Combustivel!$AC:$AC,'Custo Por mes e Veículo'!I$1,Combustivel!$A:$A,'Custo Por mes e Veículo'!$C81) -> 0 | J81: =SUMIFS(Combustivel!$U:$U,Combustivel!$AB:$AB,'Custo Por mes e Veículo'!J$2,Combustivel!$AC:$AC,'Custo Por mes e Veículo'!J$1,Combustivel!$A:$A,'Custo Por mes e Veículo'!$C81) -> 2316.54 | K81: =SUMIFS(Combustivel!$U:$U,Combustivel!$AB:$AB,'Custo Por mes e Veículo'!K$2,Combustivel!$AC:$AC,'Custo Por mes e Veículo'!K$1,Combustivel!$A:$A,'Custo Por mes e Veículo'!$C81) -> 7107.25 | ... X81: =SUMIFS(Combustivel!$U:$U,Combustivel!$AB:$AB,'Custo Por mes e Veículo'!X$2,Combustivel!$AC:$AC,'Custo Por mes e Veículo'!X$1,Combustivel!$A:$A,'Custo Por mes e Veículo'!$C81) -> 0
A82: GL | B82: GL - 05 Reserva | C82: TJP1H27 | D82: =SUMIFS(Combustivel!$U:$U,Combustivel!$AB:$AB,'Custo Por mes e Veículo'!D$2,Combustivel!$AC:$AC,'Custo Por mes e Veículo'!D$1,Combustivel!$A:$A,'Custo Por mes e Veículo'!$C82) -> 0 | E82: =SUMIFS(Combustivel!$U:$U,Combustivel!$AB:$AB,'Custo Por mes e Veículo'!E$2,Combustivel!$AC:$AC,'Custo Por mes e Veículo'!E$1,Combustivel!$A:$A,'Custo Por mes e Veículo'!$C82) -> 0 | F82: =SUMIFS(Combustivel!$U:$U,Combustivel!$AB:$AB,'Custo Por mes e Veículo'!F$2,Combustivel!$AC:$AC,'Custo Por mes e Veículo'!F$1,Combustivel!$A:$A,'Custo Por mes e Veículo'!$C82) -> 0 | G82: =SUMIFS(Combustivel!$U:$U,Combustivel!$AB:$AB,'Custo Por mes e Veículo'!G$2,Combustivel!$AC:$AC,'Custo Por mes e Veículo'!G$1,Combustivel!$A:$A,'Custo Por mes e Veículo'!$C82) -> 0 | H82: =SUMIFS(Combustivel!$U:$U,Combustivel!$AB:$AB,'Custo Por mes e Veículo'!H$2,Combustivel!$AC:$AC,'Custo Por mes e Veículo'!H$1,Combustivel!$A:$A,'Custo Por mes e Veículo'!$C82) -> 0 | I82: =SUMIFS(Combustivel!$U:$U,Combustivel!$AB:$AB,'Custo Por mes e Veículo'!I$2,Combustivel!$AC:$AC,'Custo Por mes e Veículo'!I$1,Combustivel!$A:$A,'Custo Por mes e Veículo'!$C82) -> 0 | J82: =SUMIFS(Combustivel!$U:$U,Combustivel!$AB:$AB,'Custo Por mes e Veículo'!J$2,Combustivel!$AC:$AC,'Custo Por mes e Veículo'!J$1,Combustivel!$A:$A,'Custo Por mes e Veículo'!$C82) -> 907.18 | K82: =SUMIFS(Combustivel!$U:$U,Combustivel!$AB:$AB,'Custo Por mes e Veículo'!K$2,Combustivel!$AC:$AC,'Custo Por mes e Veículo'!K$1,Combustivel!$A:$A,'Custo Por mes e Veículo'!$C82) -> 2967.94 | ... X82: =SUMIFS(Combustivel!$U:$U,Combustivel!$AB:$AB,'Custo Por mes e Veículo'!X$2,Combustivel!$AC:$AC,'Custo Por mes e Veículo'!X$1,Combustivel!$A:$A,'Custo Por mes e Veículo'!$C82) -> 0
B83: GL - 03 | C83: TJE5D27 | D83: =SUMIFS(Combustivel!$U:$U,Combustivel!$AB:$AB,'Custo Por mes e Veículo'!D$2,Combustivel!$AC:$AC,'Custo Por mes e Veículo'!D$1,Combustivel!$A:$A,'Custo Por mes e Veículo'!$C83) -> 0 | E83: =SUMIFS(Combustivel!$U:$U,Combustivel!$AB:$AB,'Custo Por mes e Veículo'!E$2,Combustivel!$AC:$AC,'Custo Por mes e Veículo'!E$1,Combustivel!$A:$A,'Custo Por mes e Veículo'!$C83) -> 0 | F83: =SUMIFS(Combustivel!$U:$U,Combustivel!$AB:$AB,'Custo Por mes e Veículo'!F$2,Combustivel!$AC:$AC,'Custo Por mes e Veículo'!F$1,Combustivel!$A:$A,'Custo Por mes e Veículo'!$C83) -> 0 | G83: =SUMIFS(Combustivel!$U:$U,Combustivel!$AB:$AB,'Custo Por mes e Veículo'!G$2,Combustivel!$AC:$AC,'Custo Por mes e Veículo'!G$1,Combustivel!$A:$A,'Custo Por mes e Veículo'!$C83) -> 0 | H83: =SUMIFS(Combustivel!$U:$U,Combustivel!$AB:$AB,'Custo Por mes e Veículo'!H$2,Combustivel!$AC:$AC,'Custo Por mes e Veículo'!H$1,Combustivel!$A:$A,'Custo Por mes e Veículo'!$C83) -> 0 | I83: =SUMIFS(Combustivel!$U:$U,Combustivel!$AB:$AB,'Custo Por mes e Veículo'!I$2,Combustivel!$AC:$AC,'Custo Por mes e Veículo'!I$1,Combustivel!$A:$A,'Custo Por mes e Veículo'!$C83) -> 0 | J83: =SUMIFS(Combustivel!$U:$U,Combustivel!$AB:$AB,'Custo Por mes e Veículo'!J$2,Combustivel!$AC:$AC,'Custo Por mes e Veículo'!J$1,Combustivel!$A:$A,'Custo Por mes e Veículo'!$C83) -> 1965.55 | K83: =SUMIFS(Combustivel!$U:$U,Combustivel!$AB:$AB,'Custo Por mes e Veículo'!K$2,Combustivel!$AC:$AC,'Custo Por mes e Veículo'!K$1,Combustivel!$A:$A,'Custo Por mes e Veículo'!$C83) -> 7245.48 | ... X83: =SUMIFS(Combustivel!$U:$U,Combustivel!$AB:$AB,'Custo Por mes e Veículo'!X$2,Combustivel!$AC:$AC,'Custo Por mes e Veículo'!X$1,Combustivel!$A:$A,'Custo Por mes e Veículo'!$C83) -> 0
A85: GL | C85: Total | D85: =+SUM(D80:D84) -> 0 | E85: =+SUM(E80:E84) -> 0 | F85: =+SUM(F80:F84) -> 0 | G85: =+SUM(G80:G84) -> 0 | H85: =+SUM(H80:H84) -> 0 | I85: =+SUM(I80:I84) -> 927.4 | J85: =+SUM(J80:J84) -> 7210.73 | K85: =+SUM(K80:K84) -> 24501.6 | ... X85: =+SUM(X80:X84) -> 0
A88: PIPA | B88: CP - 01 | C88: QSW6J59 | D88: =SUMIFS(Combustivel!$U:$U,Combustivel!$AB:$AB,'Custo Por mes e Veículo'!D$2,Combustivel!$AC:$AC,'Custo Por mes e Veículo'!D$1,Combustivel!$A:$A,'Custo Por mes e Veículo'!$C88) -> 0 | E88: =SUMIFS(Combustivel!$U:$U,Combustivel!$AB:$AB,'Custo Por mes e Veículo'!E$2,Combustivel!$AC:$AC,'Custo Por mes e Veículo'!E$1,Combustivel!$A:$A,'Custo Por mes e Veículo'!$C88) -> 0 | F88: =SUMIFS(Combustivel!$U:$U,Combustivel!$AB:$AB,'Custo Por mes e Veículo'!F$2,Combustivel!$AC:$AC,'Custo Por mes e Veículo'!F$1,Combustivel!$A:$A,'Custo Por mes e Veículo'!$C88) -> 0 | G88: =SUMIFS(Combustivel!$U:$U,Combustivel!$AB:$AB,'Custo Por mes e Veículo'!G$2,Combustivel!$AC:$AC,'Custo Por mes e Veículo'!G$1,Combustivel!$A:$A,'Custo Por mes e Veículo'!$C88) -> 0 | H88: =SUMIFS(Combustivel!$U:$U,Combustivel!$AB:$AB,'Custo Por mes e Veículo'!H$2,Combustivel!$AC:$AC,'Custo Por mes e Veículo'!H$1,Combustivel!$A:$A,'Custo Por mes e Veículo'!$C88) -> 0 | I88: =SUMIFS(Combustivel!$U:$U,Combustivel!$AB:$AB,'Custo Por mes e Veículo'!I$2,Combustivel!$AC:$AC,'Custo Por mes e Veículo'!I$1,Combustivel!$A:$A,'Custo Por mes e Veículo'!$C88) -> 1296.46 | J88: =SUMIFS(Combustivel!$U:$U,Combustivel!$AB:$AB,'Custo Por mes e Veículo'!J$2,Combustivel!$AC:$AC,'Custo Por mes e Veículo'!J$1,Combustivel!$A:$A,'Custo Por mes e Veículo'!$C88) -> 3615.98 | K88: =SUMIFS(Combustivel!$U:$U,Combustivel!$AB:$AB,'Custo Por mes e Veículo'!K$2,Combustivel!$AC:$AC,'Custo Por mes e Veículo'!K$1,Combustivel!$A:$A,'Custo Por mes e Veículo'!$C88) -> 8394.94 | ... X88: =SUMIFS(Combustivel!$U:$U,Combustivel!$AB:$AB,'Custo Por mes e Veículo'!X$2,Combustivel!$AC:$AC,'Custo Por mes e Veículo'!X$1,Combustivel!$A:$A,'Custo Por mes e Veículo'!$C88) -> 0
A90: PIPA | C90: Total | D90: =+SUM(D88:D89) -> 0 | E90: =+SUM(E88:E89) -> 0 | F90: =+SUM(F88:F89) -> 0 | G90: =+SUM(G88:G89) -> 0 | H90: =+SUM(H88:H89) -> 0 | I90: =+SUM(I88:I89) -> 1296.46 | J90: =+SUM(J88:J89) -> 3615.98 | K90: =+SUM(K88:K89) -> 8394.94 | ... X90: =+SUM(X88:X89) -> 0
A93: CA | B93: GL - 04 | C93: TKB0E17 | D93: =SUMIFS(Combustivel!$U:$U,Combustivel!$AB:$AB,'Custo Por mes e Veículo'!D$2,Combustivel!$AC:$AC,'Custo Por mes e Veículo'!D$1,Combustivel!$A:$A,'Custo Por mes e Veículo'!$C93) -> 0 | E93: =SUMIFS(Combustivel!$U:$U,Combustivel!$AB:$AB,'Custo Por mes e Veículo'!E$2,Combustivel!$AC:$AC,'Custo Por mes e Veículo'!E$1,Combustivel!$A:$A,'Custo Por mes e Veículo'!$C93) -> 0 | F93: =SUMIFS(Combustivel!$U:$U,Combustivel!$AB:$AB,'Custo Por mes e Veículo'!F$2,Combustivel!$AC:$AC,'Custo Por mes e Veículo'!F$1,Combustivel!$A:$A,'Custo Por mes e Veículo'!$C93) -> 0 | G93: =SUMIFS(Combustivel!$U:$U,Combustivel!$AB:$AB,'Custo Por mes e Veículo'!G$2,Combustivel!$AC:$AC,'Custo Por mes e Veículo'!G$1,Combustivel!$A:$A,'Custo Por mes e Veículo'!$C93) -> 0 | H93: =SUMIFS(Combustivel!$U:$U,Combustivel!$AB:$AB,'Custo Por mes e Veículo'!H$2,Combustivel!$AC:$AC,'Custo Por mes e Veículo'!H$1,Combustivel!$A:$A,'Custo Por mes e Veículo'!$C93) -> 0 | I93: =SUMIFS(Combustivel!$U:$U,Combustivel!$AB:$AB,'Custo Por mes e Veículo'!I$2,Combustivel!$AC:$AC,'Custo Por mes e Veículo'!I$1,Combustivel!$A:$A,'Custo Por mes e Veículo'!$C93) -> 1463.37 | J93: =SUMIFS(Combustivel!$U:$U,Combustivel!$AB:$AB,'Custo Por mes e Veículo'!J$2,Combustivel!$AC:$AC,'Custo Por mes e Veículo'!J$1,Combustivel!$A:$A,'Custo Por mes e Veículo'!$C93) -> 1093.09 | K93: =SUMIFS(Combustivel!$U:$U,Combustivel!$AB:$AB,'Custo Por mes e Veículo'!K$2,Combustivel!$AC:$AC,'Custo Por mes e Veículo'!K$1,Combustivel!$A:$A,'Custo Por mes e Veículo'!$C93) -> 7008.74 | ... X93: =SUMIFS(Combustivel!$U:$U,Combustivel!$AB:$AB,'Custo Por mes e Veículo'!X$2,Combustivel!$AC:$AC,'Custo Por mes e Veículo'!X$1,Combustivel!$A:$A,'Custo Por mes e Veículo'!$C93) -> 0
A95: CA | C95: Total | D95: =+SUM(D93:D94) -> 0 | E95: =+SUM(E93:E94) -> 0 | F95: =+SUM(F93:F94) -> 0 | G95: =+SUM(G93:G94) -> 0 | H95: =+SUM(H93:H94) -> 0 | I95: =+SUM(I93:I94) -> 1463.37 | J95: =+SUM(J93:J94) -> 1093.09 | K95: =+SUM(K93:K94) -> 7008.74 | ... X95: =+SUM(X93:X94) -> 0
A100: Inspeção | B100: IT-04 | C100: TUB2B84 | D100: =SUMIFS(Combustivel!$U:$U,Combustivel!$AB:$AB,'Custo Por mes e Veículo'!D$2,Combustivel!$AC:$AC,'Custo Por mes e Veículo'!D$1,Combustivel!$A:$A,'Custo Por mes e Veículo'!$C100) -> 0 | E100: =SUMIFS(Combustivel!$U:$U,Combustivel!$AB:$AB,'Custo Por mes e Veículo'!E$2,Combustivel!$AC:$AC,'Custo Por mes e Veículo'!E$1,Combustivel!$A:$A,'Custo Por mes e Veículo'!$C100) -> 0 | F100: =SUMIFS(Combustivel!$U:$U,Combustivel!$AB:$AB,'Custo Por mes e Veículo'!F$2,Combustivel!$AC:$AC,'Custo Por mes e Veículo'!F$1,Combustivel!$A:$A,'Custo Por mes e Veículo'!$C100) -> 0 | G100: =SUMIFS(Combustivel!$U:$U,Combustivel!$AB:$AB,'Custo Por mes e Veículo'!G$2,Combustivel!$AC:$AC,'Custo Por mes e Veículo'!G$1,Combustivel!$A:$A,'Custo Por mes e Veículo'!$C100) -> 0 | H100: =SUMIFS(Combustivel!$U:$U,Combustivel!$AB:$AB,'Custo Por mes e Veículo'!H$2,Combustivel!$AC:$AC,'Custo Por mes e Veículo'!H$1,Combustivel!$A:$A,'Custo Por mes e Veículo'!$C100) -> 0 | I100: =SUMIFS(Combustivel!$U:$U,Combustivel!$AB:$AB,'Custo Por mes e Veículo'!I$2,Combustivel!$AC:$AC,'Custo Por mes e Veículo'!I$1,Combustivel!$A:$A,'Custo Por mes e Veículo'!$C100) -> 0 | J100: =SUMIFS(Combustivel!$U:$U,Combustivel!$AB:$AB,'Custo Por mes e Veículo'!J$2,Combustivel!$AC:$AC,'Custo Por mes e Veículo'!J$1,Combustivel!$A:$A,'Custo Por mes e Veículo'!$C100) -> 2040.85 | K100: =SUMIFS(Combustivel!$U:$U,Combustivel!$AB:$AB,'Custo Por mes e Veículo'!K$2,Combustivel!$AC:$AC,'Custo Por mes e Veículo'!K$1,Combustivel!$A:$A,'Custo Por mes e Veículo'!$C100) -> 9657.13 | ... X100: =SUMIFS(Combustivel!$U:$U,Combustivel!$AB:$AB,'Custo Por mes e Veículo'!X$2,Combustivel!$AC:$AC,'Custo Por mes e Veículo'!X$1,Combustivel!$A:$A,'Custo Por mes e Veículo'!$C100) -> 0
